/*
SQLyog Ultimate v10.00 Beta1
MySQL - 5.5.5-10.4.32-MariaDB : Database - acebedo
*********************************************************************
*/

/*!40101 SET NAMES utf8 */;

/*!40101 SET SQL_MODE=''*/;

/*!40014 SET @OLD_UNIQUE_CHECKS=@@UNIQUE_CHECKS, UNIQUE_CHECKS=0 */;
/*!40014 SET @OLD_FOREIGN_KEY_CHECKS=@@FOREIGN_KEY_CHECKS, FOREIGN_KEY_CHECKS=0 */;
/*!40101 SET @OLD_SQL_MODE=@@SQL_MODE, SQL_MODE='NO_AUTO_VALUE_ON_ZERO' */;
/*!40111 SET @OLD_SQL_NOTES=@@SQL_NOTES, SQL_NOTES=0 */;
CREATE DATABASE /*!32312 IF NOT EXISTS*/`acebedo` /*!40100 DEFAULT CHARACTER SET utf8mb4 COLLATE utf8mb4_general_ci */;

USE `acebedo`;

/*Table structure for table `patient_data` */

DROP TABLE IF EXISTS `patient_data`;

CREATE TABLE `patient_data` (
  `patientID` int(5) NOT NULL AUTO_INCREMENT,
  `fname` varchar(20) NOT NULL,
  `mname` varchar(20) NOT NULL,
  `lname` varchar(20) NOT NULL,
  `bday` date NOT NULL,
  `age` smallint(3) NOT NULL,
  `highblood` varchar(10) DEFAULT NULL,
  `occupation` varchar(50) DEFAULT NULL,
  `province` varchar(50) NOT NULL,
  `city` varchar(50) NOT NULL,
  `brgy` varchar(50) NOT NULL,
  `diabetic` varchar(10) NOT NULL,
  `sports` varchar(100) DEFAULT NULL,
  `hobbies` varchar(200) DEFAULT NULL,
  `mobilenum` varchar(13) NOT NULL,
  `gender` varchar(6) NOT NULL,
  `region` varchar(50) NOT NULL,
  `date` date NOT NULL,
  PRIMARY KEY (`patientID`)
) ENGINE=InnoDB AUTO_INCREMENT=13 DEFAULT CHARSET=utf8mb4 COLLATE=utf8mb4_general_ci;

/*Data for the table `patient_data` */

insert  into `patient_data`(`patientID`,`fname`,`mname`,`lname`,`bday`,`age`,`highblood`,`occupation`,`province`,`city`,`brgy`,`diabetic`,`sports`,`hobbies`,`mobilenum`,`gender`,`region`,`date`) values (1,'Joshua','N/A','Mosrales','1997-10-10',28,'Yes','N/A','Third District','Caloocan City','Barangay 176','No','N/A','N/A','+639112343345','Male','National Capital Region (NCR)','2025-09-04'),(2,'Angelo Royce','N/A','Morales','2004-04-14',21,'Yes','N/A','Third District','Caloocan City','Barangay 176','Yes','N/A','N/A','+639324723712','Male','National Capital Reg','2025-09-04'),(3,'Karla','Gutierrez','Alaban','2001-04-09',24,'Yes','N/A','Third District','Caloocan City','Barangay 76','No','N/A','N/A','+639273499123','Female','National Capital Reg','2025-09-04'),(4,'Maria Josephine','N/A','Delacruz','2001-12-18',23,'No','N/A','Cagayan','Sanchez-mira','Dacal','No','N/A','N/A','+639723462371','Female','Region II (Cagayan V','2025-09-04'),(5,'Benedict','N/A','Parpan','2002-06-18',23,'Yes','N/A','Second District','Quezon City','Novaliches Proper','No','N/A','N/A','+639778162373','Male','National Capital Reg','2025-09-04'),(6,'Juan Andres','N/A','Bonifacio','2020-10-08',5,'No','N/A','Second District','Quezon City','New Era (Constitution Hills)','No','N/A','N/A','+639812384572','Male','National Capital Region (NCR)','2025-10-07'),(7,'Emman','N/A','Pineda','2003-02-20',22,'Yes','Labor','Occidental Mindoro','Calintaan','Iriron','Yes','Ballin','Balling','+631232312312','Male','MIMAROPA','9812-10-13'),(8,'Brian','N/A','Bestudio','2001-03-06',24,'Yes','N/A','Second District','Quezon City','North Fairview','No','N/A','N/A','+639881237304','Male','National Capital Region (NCR)','2025-10-18'),(9,'Joshua','N/A','Bestudio','1997-10-10',28,'No','N/A','Cagayan','Rizal','San Juan (Zinundungan)','No','N/A','N/A','+639834761736','Male','Region II (Cagayan Valley)','2025-10-19'),(10,'Brex','N/A','Bestudio','2006-06-20',19,'No','N/A','Second District','Quezon City','New Era (Constitution Hills)','No','N/A','N/A','+639892192203','Male','National Capital Region (NCR)','2025-10-19'),(11,'Brian','N/A','Bestudio','2019-01-29',6,'No','N/A','Davao Del Sur','Hagonoy','San Guillermo','No','N/A','N/A','+639275782657','Other','Region XI (Davao Region)','2025-10-19'),(12,'Erin','N/A','Daquiuag','2019-07-18',6,'No','N/A','Second District','Quezon City','Del Monte','No','N/A','N/A','+639238472117','Male','National Capital Region (NCR)','2025-10-22');

/*Table structure for table `tbl_appointments` */

DROP TABLE IF EXISTS `tbl_appointments`;

CREATE TABLE `tbl_appointments` (
  `appointmentID` int(11) NOT NULL AUTO_INCREMENT,
  `checkupID` int(11) NOT NULL,
  `patientID` int(11) NOT NULL,
  `patientName` varchar(255) DEFAULT NULL,
  `doctorID` int(11) NOT NULL,
  `doctorName` varchar(255) NOT NULL,
  `appointmentDate` datetime NOT NULL,
  `createdAt` datetime DEFAULT current_timestamp(),
  `patientType` varchar(55) DEFAULT NULL,
  PRIMARY KEY (`appointmentID`),
  KEY `patientID` (`patientID`),
  KEY `doctorID` (`doctorID`),
  CONSTRAINT `tbl_appointments_ibfk_1` FOREIGN KEY (`patientID`) REFERENCES `patient_data` (`patientID`),
  CONSTRAINT `tbl_appointments_ibfk_2` FOREIGN KEY (`doctorID`) REFERENCES `tbl_doctor` (`doctorID`)
) ENGINE=InnoDB AUTO_INCREMENT=15 DEFAULT CHARSET=utf8mb4 COLLATE=utf8mb4_general_ci;

/*Data for the table `tbl_appointments` */

insert  into `tbl_appointments`(`appointmentID`,`checkupID`,`patientID`,`patientName`,`doctorID`,`doctorName`,`appointmentDate`,`createdAt`,`patientType`) values (1,9,1,'Joshua Mosrales',2,'Maria Clara','2025-10-13 00:07:43','2025-10-13 00:07:49','Regular'),(2,11,1,'Joshua Mosrales',1,'Juan Delacruz','2025-10-15 02:45:50','2025-10-15 02:45:54','PWD'),(3,14,2,'Angelo Royce Morales',1,'Juan Delacruz','2025-10-15 03:00:49','2025-10-15 03:00:51','Regular'),(4,11,1,'Joshua Mosrales',2,'Maria Clara','2025-10-15 03:01:07','2025-10-15 03:01:15','PWD'),(5,15,7,'Boss Dogs Sarap',1,'Juan Delacruz','2025-10-15 03:01:28','2025-10-15 03:01:32','Senior Citizen'),(6,17,3,'Karla Gutierrez Alaban',1,'Juan Delacruz','2025-10-15 22:01:04','2025-10-15 22:01:09','Regular'),(9,23,5,'Benedict Parpan',4,'Erin Daquiuag','2025-10-18 19:49:49','2025-10-18 19:49:53','PWD'),(10,15,7,'Boss Dogs Sarap',4,'Erin Daquiuag','2025-10-19 00:00:00','2025-10-18 19:53:49','PWD'),(11,29,4,'Maria Josephine Delacruz',4,'Erin Daquiuag','2025-10-19 00:00:00','2025-10-18 19:57:28','Senior Citizen'),(12,32,2,'Angelo Royce Morales',4,'Erin Daquiuag','2025-10-23 00:00:00','2025-10-22 02:24:56','PWD'),(13,32,2,'Angelo Royce Morales',4,'Erin Daquiuag','2025-10-23 00:00:00','2025-10-22 02:25:02','PWD'),(14,36,12,'Erin Daquiuag',4,'Erin Daquiuag','2025-10-27 00:00:00','2025-10-22 14:01:46','Regular');

/*Table structure for table `tbl_audit_trail` */

DROP TABLE IF EXISTS `tbl_audit_trail`;

CREATE TABLE `tbl_audit_trail` (
  `AuditID` int(11) NOT NULL AUTO_INCREMENT,
  `UserID` int(11) DEFAULT NULL,
  `Username` varchar(50) DEFAULT NULL,
  `ActionType` varchar(50) DEFAULT NULL,
  `ActionDetails` text DEFAULT NULL,
  `TableName` varchar(50) DEFAULT NULL,
  `RecordID` int(11) DEFAULT NULL,
  `ActivityTime` time DEFAULT NULL,
  `ActivityDate` date DEFAULT NULL,
  PRIMARY KEY (`AuditID`),
  KEY `UserID` (`UserID`),
  CONSTRAINT `tbl_audit_trail_ibfk_1` FOREIGN KEY (`UserID`) REFERENCES `tbl_users` (`UserID`) ON DELETE CASCADE
) ENGINE=InnoDB AUTO_INCREMENT=1397 DEFAULT CHARSET=utf8mb4 COLLATE=utf8mb4_general_ci;

/*Data for the table `tbl_audit_trail` */

insert  into `tbl_audit_trail`(`AuditID`,`UserID`,`Username`,`ActionType`,`ActionDetails`,`TableName`,`RecordID`,`ActivityTime`,`ActivityDate`) values (1,1,'admin','Login','User logged in',NULL,NULL,'02:31:10','2025-09-04'),(2,1,'admin','Update User','Update User: admin',NULL,NULL,'02:32:01','2025-09-04'),(3,1,'admin','Add User','Added user: recep',NULL,NULL,'02:32:55','2025-09-04'),(4,1,'admin','Add User','Added user: opto',NULL,NULL,'02:33:46','2025-09-04'),(5,1,'admin','Login','User logged in',NULL,NULL,'02:46:45','2025-09-04'),(6,1,'admin','Login','User logged in',NULL,NULL,'02:54:45','2025-09-04'),(7,1,'admin','Login','User logged in',NULL,NULL,'02:58:12','2025-09-04'),(8,1,'admin','Insert','Added new doctor named juan N/A delacruz','tbl_doctor',1,'02:59:02','2025-09-04'),(9,1,'admin','Login','User logged in',NULL,NULL,'03:01:23','2025-09-04'),(10,1,'admin','Insert','Added new doctor named maria N/A clara','tbl_doctor',2,'03:01:50','2025-09-04'),(11,1,'admin','Update User','Update User: admin',NULL,NULL,'03:02:23','2025-09-04'),(12,1,'admin','Insert','Added new patient: joshua mosrales','patient_data',1,'03:03:27','2025-09-04'),(13,1,'admin','Insert','Added new patient: angelo royce morales','patient_data',2,'03:04:37','2025-09-04'),(14,1,'admin','Insert','Added new patient: karla alaban','patient_data',3,'03:05:51','2025-09-04'),(15,1,'admin','Insert','Added new patient: maria josephine delacruz','patient_data',4,'03:07:00','2025-09-04'),(16,1,'admin','Insert','Added new patient: benedict parpan','patient_data',5,'03:07:55','2025-09-04'),(17,1,'admin','Add Supplier','Added supplier: TKR Optics Inc.',NULL,NULL,'03:18:37','2025-09-04'),(18,1,'admin','Add Supplier','Added supplier: Eye Vista PH',NULL,NULL,'03:19:50','2025-09-04'),(19,1,'admin','Add Supplier','Added supplier: Accelink Technologies',NULL,NULL,'03:21:30','2025-09-04'),(20,1,'admin','Login','User logged in',NULL,NULL,'03:27:46','2025-09-04'),(21,1,'admin','Login','User logged in',NULL,NULL,'03:32:19','2025-09-04'),(22,1,'admin','Login','User logged in',NULL,NULL,'03:37:36','2025-09-04'),(23,1,'admin','Login','User logged in',NULL,NULL,'03:39:20','2025-09-04'),(24,1,'admin','Login','User logged in',NULL,NULL,'03:44:27','2025-09-04'),(25,1,'admin','Add Product','Added product: Classic Metal Frame Readers',NULL,NULL,'03:46:30','2025-09-04'),(26,1,'admin','Add Product','Added product: Foldable Pocket Readers',NULL,NULL,'03:47:09','2025-09-04'),(27,1,'admin','Add Product','Added product: Acetate Full-Rim Frame',NULL,NULL,'03:48:10','2025-09-04'),(28,1,'admin','Add Product','Added product: Titanium Half-Rim Frame',NULL,NULL,'03:48:46','2025-09-04'),(29,1,'admin','Add Product','Added product: Eyeglass Cleaning Kit',NULL,NULL,'03:49:24','2025-09-04'),(30,1,'admin','Insert','Added checkup record for Joshua Mosrales','tbl_checkup',0,'03:50:11','2025-09-04'),(31,1,'admin','Insert','Created checkup transaction for Joshua Mosrales with total of 300','tbl_transactions',1,'03:50:11','2025-09-04'),(32,1,'admin','Update','Updated transaction for Joshua Mosrales with total of 300.00 and paid0.00','tbl_transactionstbl_transaction_items',1,'03:50:45','2025-09-04'),(33,1,'admin','Settle','Settled payment of 300.00 for patient: Joshua Mosrales. Amount paid: 300','tbl_transactions, tbl_transaction_items',1,'03:50:50','2025-09-04'),(34,1,'admin','Insert','Added new transaction for Angelo Royce  Morales with total of 960.00 and paid ?960','tbl_transactionstbl_transaction_items',2,'03:51:30','2025-09-04'),(35,1,'admin','Login','User logged in',NULL,NULL,'03:56:27','2025-09-04'),(36,1,'admin','Insert','Added new transaction for Karla Gutierrez Alaban with total of 600.00 and paid ?300','tbl_transactionstbl_transaction_items',3,'03:57:02','2025-09-04'),(37,1,'admin','Login','User logged in',NULL,NULL,'04:02:24','2025-09-04'),(38,1,'admin','Insert','Added new transaction for Maria Josephine  Delacruz with total of 300.00 and paid ?300','tbl_transactionstbl_transaction_items',4,'04:02:47','2025-09-04'),(39,1,'admin','Update','Updated transaction for Karla Gutierrez Alaban with total of 300.00 and paid0','tbl_transactionstbl_transaction_items',3,'04:03:15','2025-09-04'),(40,1,'admin','Settle','Settled payment of 300.00 for patient: Karla Gutierrez Alaban. Amount paid: 300','tbl_transactions, tbl_transaction_items',3,'04:03:26','2025-09-04'),(41,1,'admin','Insert','Added new transaction for Benedict  Parpan with total of 2475.00 and paid ?0.00','tbl_transactionstbl_transaction_items',5,'04:04:06','2025-09-04'),(42,1,'admin','Settle','Settled payment of 2,475.00 for patient: Benedict Parpan. Amount paid: 2000','tbl_transactions, tbl_transaction_items',5,'04:04:28','2025-09-04'),(43,1,'admin','Update','Updated transaction for Benedict  Parpan with total of 300.00 and paid2,000.00','tbl_transactionstbl_transaction_items',5,'04:04:37','2025-09-04'),(44,1,'admin','Insert','Added new transaction for Benedict  Parpan with total of 960.00 and paid ?0.00','tbl_transactionstbl_transaction_items',5,'04:04:58','2025-09-04'),(45,1,'admin','Update','Updated transaction for Benedict  Parpan with total of 300.00 and paid0.00','tbl_transactionstbl_transaction_items',5,'04:05:38','2025-09-04'),(46,1,'admin','Update','Updated transaction for Benedict  Parpan with total of 2610.00 and paid0.00','tbl_transactionstbl_transaction_items',5,'04:06:05','2025-09-04'),(47,1,'admin','Settle','Settled payment of 2,610.00 for patient: Benedict Parpan. Amount paid: 2610','tbl_transactions, tbl_transaction_items',6,'04:06:44','2025-09-04'),(48,1,'admin','Insert','Added new transaction for Maria Josephine  Delacruz with total of 300.00 and paid ?0.00','tbl_transactionstbl_transaction_items',4,'04:07:01','2025-09-04'),(49,1,'admin','Login','User logged in',NULL,NULL,'15:04:44','2025-09-04'),(50,1,'admin','Login','User logged in',NULL,NULL,'15:06:26','2025-09-04'),(51,1,'admin','Login','User logged in',NULL,NULL,'15:07:04','2025-09-04'),(52,1,'admin','Login','User logged in',NULL,NULL,'15:07:26','2025-09-04'),(53,1,'admin','Login','User logged in',NULL,NULL,'15:08:31','2025-09-04'),(54,2,'recep','Login','User logged in',NULL,NULL,'15:12:54','2025-09-04'),(55,2,'recep','Login','User logged in',NULL,NULL,'15:16:39','2025-09-04'),(56,2,'recep','Login','User logged in',NULL,NULL,'15:21:05','2025-09-04'),(57,2,'recep','Login','User logged in',NULL,NULL,'15:24:03','2025-09-04'),(58,1,'admin','Login','User logged in',NULL,NULL,'15:26:28','2025-09-04'),(59,1,'admin','Settle','Settled payment of 300.00 for patient: Maria Josephine Delacruz. Amount paid: 300','tbl_transactions, tbl_transaction_items',7,'15:27:29','2025-09-04'),(60,1,'admin','Place Order','Placed a new order with Order ID: 1 and Total Amount: 19000',NULL,NULL,'15:28:02','2025-09-04'),(61,1,'admin','Login','User logged in',NULL,NULL,'15:30:03','2025-09-04'),(62,1,'admin','Place Order','Placed a new order with Order ID: 2 and Total Amount: 60000',NULL,NULL,'15:30:44','2025-09-04'),(63,1,'admin','Login','User logged in',NULL,NULL,'15:32:45','2025-09-04'),(64,2,'recep','Login','User logged in',NULL,NULL,'15:32:54','2025-09-04'),(65,2,'recep','Login','User logged in',NULL,NULL,'15:34:38','2025-09-04'),(66,3,'opto','Login','User logged in',NULL,NULL,'15:41:15','2025-09-04'),(67,1,'admin','Login','User logged in',NULL,NULL,'15:41:27','2025-09-04'),(68,1,'admin','Insert','Added new transaction for Joshua  Mosrales with total of 2310.00 and paid ?0.00','tbl_transactionstbl_transaction_items',1,'15:42:06','2025-09-04'),(69,1,'admin','Settle','Settled payment of 2,310.00 for patient: Joshua Mosrales. Amount paid: 2000','tbl_transactions, tbl_transaction_items',8,'15:42:22','2025-09-04'),(70,1,'admin','Update','Updated transaction for Joshua  Mosrales with total of 300.00 and paid2,000.00','tbl_transactionstbl_transaction_items',1,'15:42:42','2025-09-04'),(71,1,'admin','Insert','Added new transaction for Joshua  Mosrales with total of 960.00 and paid ?0.00','tbl_transactionstbl_transaction_items',1,'15:43:19','2025-09-04'),(72,1,'admin','Settle','Settled payment of 960.00 for patient: Joshua Mosrales. Amount paid: 900','tbl_transactions, tbl_transaction_items',9,'15:43:56','2025-09-04'),(73,1,'admin','Insert','Added new transaction for Angelo Royce  Morales with total of 5180.00 and paid ?5180','tbl_transactionstbl_transaction_items',2,'15:46:23','2025-09-04'),(74,1,'admin','Login','User logged in',NULL,NULL,'15:49:54','2025-09-04'),(75,1,'admin','Login','User logged in',NULL,NULL,'15:57:11','2025-09-04'),(76,1,'admin','Login','User logged in',NULL,NULL,'15:58:43','2025-09-04'),(77,1,'admin','Login','User logged in',NULL,NULL,'16:00:01','2025-09-04'),(78,1,'admin','Login','User logged in',NULL,NULL,'16:01:37','2025-09-04'),(79,1,'admin','Login','User logged in',NULL,NULL,'16:04:34','2025-09-04'),(80,1,'admin','Login','User logged in',NULL,NULL,'16:04:44','2025-09-04'),(81,2,'recep','Login','User logged in',NULL,NULL,'16:05:25','2025-09-04'),(82,1,'admin','Login','User logged in',NULL,NULL,'16:07:26','2025-09-04'),(83,1,'admin','Login','User logged in',NULL,NULL,'16:21:50','2025-09-04'),(84,1,'admin','Login','User logged in',NULL,NULL,'16:40:12','2025-09-04'),(85,1,'admin','Login','User logged in',NULL,NULL,'01:06:14','2025-09-07'),(86,3,'opto','Login','User logged in',NULL,NULL,'03:03:28','2025-09-16'),(87,1,'admin','Login','User logged in',NULL,NULL,'03:03:52','2025-09-16'),(88,3,'opto','Login','User logged in',NULL,NULL,'03:16:41','2025-09-16'),(89,2,'recep','Login','User logged in',NULL,NULL,'03:17:24','2025-09-16'),(90,3,'opto','Login','User logged in',NULL,NULL,'03:19:52','2025-09-16'),(91,1,'admin','Login','User logged in',NULL,NULL,'03:20:59','2025-09-16'),(92,3,'opto','Login','User logged in',NULL,NULL,'03:21:13','2025-09-16'),(93,1,'admin','Login','User logged in',NULL,NULL,'03:21:26','2025-09-16'),(94,3,'opto','Login','User logged in',NULL,NULL,'03:23:18','2025-09-16'),(95,1,'admin','Login','User logged in',NULL,NULL,'03:36:59','2025-09-16'),(96,2,'recep','Login','User logged in',NULL,NULL,'03:51:04','2025-09-16'),(97,1,'admin','Login','User logged in',NULL,NULL,'03:51:43','2025-09-16'),(98,1,'admin','Login','User logged in',NULL,NULL,'03:52:07','2025-09-16'),(99,1,'admin','Login','User logged in',NULL,NULL,'04:07:09','2025-09-16'),(100,3,'opto','Login','User logged in',NULL,NULL,'22:46:00','2025-09-16'),(101,1,'admin','Login','User logged in',NULL,NULL,'23:03:17','2025-10-07'),(102,1,'admin','Insert','Added new patient: juan andres bonifacioi','patient_data',6,'23:04:08','2025-10-07'),(103,1,'admin','Update','Updated patient record:\r\nLast Name: Bonifacioi ? Bonifacio\r\nBirthday: 08/10/2020 ? 2020-10-08','patient_data',6,'23:04:36','2025-10-07'),(104,1,'admin','Login','User logged in',NULL,NULL,'23:07:05','2025-10-07'),(105,1,'admin','Login','User logged in',NULL,NULL,'23:07:34','2025-10-07'),(106,1,'admin','Insert','Added new transaction for Juan Andres  Bonifacio with total of 4100.00 and paid ?0.00','tbl_transactionstbl_transaction_items',6,'23:08:03','2025-10-07'),(107,1,'admin','Update','Updated transaction for Juan Andres  Bonifacio with total of 3150.00 and paid0.00','tbl_transactionstbl_transaction_items',6,'23:08:28','2025-10-07'),(108,1,'admin','Login','User logged in',NULL,NULL,'00:01:38','2025-10-08'),(109,1,'admin','Login','User logged in',NULL,NULL,'00:39:13','2025-10-08'),(110,1,'admin','Update','Updated patient record:\r\nBirthday: 06/05/1997 ? 1997-10-09\r\nRegion: National Capital Reg ? National Capital Region (NCR)','patient_data',1,'00:40:10','2025-10-08'),(111,1,'admin','Login','User logged in',NULL,NULL,'00:45:47','2025-10-08'),(112,1,'admin','Login','User logged in',NULL,NULL,'12:17:11','2025-10-08'),(113,1,'admin','Login','User logged in',NULL,NULL,'13:09:20','2025-10-08'),(114,1,'admin','Login','User logged in',NULL,NULL,'13:16:44','2025-10-08'),(115,1,'admin','Login','User logged in',NULL,NULL,'13:35:05','2025-10-08'),(116,1,'admin','Login','User logged in',NULL,NULL,'14:59:47','2025-10-08'),(117,1,'admin','Login','User logged in',NULL,NULL,'15:19:06','2025-10-08'),(118,1,'admin','Login','User logged in',NULL,NULL,'15:21:03','2025-10-08'),(119,1,'admin','Login','User logged in',NULL,NULL,'15:52:55','2025-10-08'),(120,1,'admin','Login','User logged in',NULL,NULL,'16:01:52','2025-10-08'),(121,1,'admin','Login','User logged in',NULL,NULL,'16:08:27','2025-10-08'),(122,1,'admin','Login','User logged in',NULL,NULL,'16:15:39','2025-10-08'),(123,1,'admin','Login','User logged in',NULL,NULL,'16:19:20','2025-10-08'),(124,1,'admin','Login','User logged in',NULL,NULL,'16:20:26','2025-10-08'),(125,1,'admin','Add Product','Added product: photochromic lenses',NULL,NULL,'16:20:55','2025-10-08'),(126,1,'admin','Insert','Added new transaction for Juan Andres  Bonifacio with total of 465.00 and paid ?0.00','tbl_transactionstbl_transaction_items',6,'16:29:43','2025-10-08'),(127,1,'admin','Login','User logged in',NULL,NULL,'16:48:38','2025-10-08'),(128,1,'admin','Login','User logged in',NULL,NULL,'16:50:58','2025-10-08'),(129,1,'admin','Login','User logged in',NULL,NULL,'17:17:02','2025-10-08'),(130,1,'admin','Insert','Added new transaction for Angelo Royce  Morales with total of 1239.00 and paid ?0.00','tbl_transactionstbl_transaction_items',2,'17:18:13','2025-10-08'),(131,1,'admin','Login','User logged in',NULL,NULL,'17:19:07','2025-10-08'),(132,1,'admin','Login','User logged in',NULL,NULL,'17:31:38','2025-10-08'),(133,1,'admin','Login','User logged in',NULL,NULL,'17:33:00','2025-10-08'),(134,1,'admin','Login','User logged in',NULL,NULL,'18:01:39','2025-10-08'),(135,1,'admin','Update','Updated transaction for Angelo Royce  Morales with total of 1272.00 and paid0.00','tbl_transactionstbl_transaction_items',2,'18:02:09','2025-10-08'),(136,1,'admin','Settle','Settled payment of 1,272.00 for patient: Angelo Royce Morales. Amount paid: 1272','tbl_transactions, tbl_transaction_items',13,'18:05:51','2025-10-08'),(137,1,'admin','Settle','Settled payment of 465.00 for patient: Juan Andres Bonifacio. Amount paid: 465','tbl_transactions, tbl_transaction_items',12,'18:05:59','2025-10-08'),(138,1,'admin','Settle','Settled payment of 3,150.00 for patient: Juan Andres Bonifacio. Amount paid: 3150','tbl_transactions, tbl_transaction_items',11,'18:06:07','2025-10-08'),(139,1,'admin','Settle','Settled payment of 60.00 for patient: Joshua Mosrales. Amount paid: 60','tbl_transactions, tbl_transaction_items',9,'18:06:15','2025-10-08'),(140,1,'admin','Login','User logged in',NULL,NULL,'18:11:33','2025-10-08'),(141,1,'admin','Login','User logged in',NULL,NULL,'19:33:42','2025-10-08'),(142,1,'admin','Login','User logged in',NULL,NULL,'19:49:26','2025-10-08'),(143,1,'admin','Login','User logged in',NULL,NULL,'19:50:49','2025-10-08'),(144,1,'admin','Login','User logged in',NULL,NULL,'19:52:58','2025-10-08'),(145,1,'admin','Login','User logged in',NULL,NULL,'19:55:12','2025-10-08'),(146,1,'admin','Login','User logged in',NULL,NULL,'19:56:10','2025-10-08'),(147,1,'admin','Login','User logged in',NULL,NULL,'19:56:28','2025-10-08'),(148,1,'admin','Login','User logged in',NULL,NULL,'19:57:58','2025-10-08'),(149,1,'admin','Login','User logged in',NULL,NULL,'20:01:05','2025-10-08'),(150,1,'admin','Login','User logged in',NULL,NULL,'20:02:09','2025-10-08'),(151,1,'admin','Login','User logged in',NULL,NULL,'20:03:49','2025-10-08'),(152,1,'admin','Login','User logged in',NULL,NULL,'20:04:36','2025-10-08'),(153,1,'admin','Login','User logged in',NULL,NULL,'20:05:37','2025-10-08'),(154,1,'admin','Login','User logged in',NULL,NULL,'20:20:20','2025-10-08'),(155,1,'admin','Login','User logged in',NULL,NULL,'20:21:02','2025-10-08'),(156,1,'admin','Login','User logged in',NULL,NULL,'20:22:08','2025-10-08'),(157,1,'admin','Login','User logged in',NULL,NULL,'20:22:57','2025-10-08'),(158,1,'admin','Login','User logged in',NULL,NULL,'20:25:58','2025-10-08'),(159,1,'admin','Login','User logged in',NULL,NULL,'20:28:02','2025-10-08'),(160,1,'admin','Login','User logged in',NULL,NULL,'20:36:31','2025-10-08'),(161,1,'admin','Login','User logged in',NULL,NULL,'20:36:51','2025-10-08'),(162,1,'admin','Login','User logged in',NULL,NULL,'20:37:26','2025-10-08'),(163,1,'admin','Login','User logged in',NULL,NULL,'20:37:43','2025-10-08'),(164,1,'admin','Login','User logged in',NULL,NULL,'20:38:11','2025-10-08'),(165,1,'admin','Login','User logged in',NULL,NULL,'20:39:20','2025-10-08'),(166,1,'admin','Login','User logged in',NULL,NULL,'20:39:44','2025-10-08'),(167,1,'admin','Login','User logged in',NULL,NULL,'20:40:06','2025-10-08'),(168,1,'admin','Login','User logged in',NULL,NULL,'20:40:19','2025-10-08'),(169,1,'admin','Login','User logged in',NULL,NULL,'20:41:34','2025-10-08'),(170,1,'admin','Login','User logged in',NULL,NULL,'20:42:17','2025-10-08'),(171,1,'admin','Login','User logged in',NULL,NULL,'20:42:40','2025-10-08'),(172,1,'admin','Login','User logged in',NULL,NULL,'20:43:49','2025-10-08'),(173,1,'admin','Login','User logged in',NULL,NULL,'20:46:01','2025-10-08'),(174,1,'admin','Login','User logged in',NULL,NULL,'20:47:06','2025-10-08'),(175,1,'admin','Login','User logged in',NULL,NULL,'20:49:35','2025-10-08'),(176,1,'admin','Login','User logged in',NULL,NULL,'20:50:47','2025-10-08'),(177,1,'admin','Login','User logged in',NULL,NULL,'20:51:14','2025-10-08'),(178,1,'admin','Login','User logged in',NULL,NULL,'20:51:37','2025-10-08'),(179,1,'admin','Login','User logged in',NULL,NULL,'21:04:31','2025-10-08'),(180,1,'admin','Login','User logged in',NULL,NULL,'21:05:17','2025-10-08'),(181,1,'admin','Login','User logged in',NULL,NULL,'21:08:02','2025-10-08'),(182,1,'admin','Login','User logged in',NULL,NULL,'21:08:20','2025-10-08'),(183,1,'admin','Login','User logged in',NULL,NULL,'21:08:41','2025-10-08'),(184,1,'admin','Login','User logged in',NULL,NULL,'21:08:57','2025-10-08'),(185,1,'admin','Login','User logged in',NULL,NULL,'21:10:21','2025-10-08'),(186,1,'admin','Login','User logged in',NULL,NULL,'21:12:51','2025-10-08'),(187,1,'admin','Login','User logged in',NULL,NULL,'21:13:26','2025-10-08'),(188,1,'admin','Login','User logged in',NULL,NULL,'21:44:24','2025-10-08'),(189,1,'admin','Login','User logged in',NULL,NULL,'22:06:32','2025-10-08'),(190,1,'admin','Login','User logged in',NULL,NULL,'22:53:18','2025-10-08'),(191,1,'admin','Login','User logged in',NULL,NULL,'23:31:52','2025-10-08'),(192,1,'admin','Login','User logged in',NULL,NULL,'23:39:58','2025-10-08'),(193,1,'admin','Login','User logged in',NULL,NULL,'23:49:13','2025-10-08'),(194,1,'admin','Login','User logged in',NULL,NULL,'23:57:09','2025-10-08'),(195,1,'admin','Login','User logged in',NULL,NULL,'00:09:23','2025-10-09'),(196,1,'admin','Login','User logged in',NULL,NULL,'00:10:33','2025-10-09'),(197,1,'admin','Login','User logged in',NULL,NULL,'00:16:20','2025-10-09'),(198,1,'admin','Login','User logged in',NULL,NULL,'00:23:25','2025-10-09'),(199,1,'admin','Login','User logged in',NULL,NULL,'00:31:35','2025-10-09'),(200,1,'admin','Login','User logged in',NULL,NULL,'00:32:14','2025-10-09'),(201,1,'admin','Login','User logged in',NULL,NULL,'00:43:47','2025-10-09'),(202,1,'admin','Login','User logged in',NULL,NULL,'00:44:31','2025-10-09'),(203,1,'admin','Update Product','Updated product: Classic Metal Frame Readers',NULL,NULL,'00:45:01','2025-10-09'),(204,1,'admin','Update Product','Updated product: Classic Metal Frame Readers',NULL,NULL,'00:45:20','2025-10-09'),(205,1,'admin','Login','User logged in',NULL,NULL,'01:01:59','2025-10-09'),(206,1,'admin','Login','User logged in',NULL,NULL,'01:07:48','2025-10-09'),(207,1,'admin','Login','User logged in',NULL,NULL,'01:09:31','2025-10-09'),(208,1,'admin','Update','Updated patient record:\r\nBirthday: 09/10/1997 ? 1997-10-10\r\nAge: 28 ? 27','patient_data',1,'01:11:39','2025-10-09'),(209,1,'admin','Login','User logged in',NULL,NULL,'01:14:46','2025-10-09'),(210,1,'admin','Login','User logged in',NULL,NULL,'01:25:23','2025-10-09'),(211,1,'admin','Login','User logged in',NULL,NULL,'01:27:13','2025-10-09'),(212,1,'admin','Login','User logged in',NULL,NULL,'01:33:45','2025-10-09'),(213,1,'admin','Login','User logged in',NULL,NULL,'01:35:14','2025-10-09'),(214,1,'admin','Login','User logged in',NULL,NULL,'01:36:09','2025-10-09'),(215,1,'admin','Login','User logged in',NULL,NULL,'01:36:33','2025-10-09'),(216,1,'admin','Login','User logged in',NULL,NULL,'01:38:33','2025-10-09'),(217,1,'admin','Update Product','Updated product: Classic Metal Frame Readers',NULL,NULL,'01:39:23','2025-10-09'),(218,1,'admin','Update Product','Updated product: Classic Metal Frame Readers',NULL,NULL,'01:39:38','2025-10-09'),(219,1,'admin','Login','User logged in',NULL,NULL,'01:46:52','2025-10-09'),(220,1,'admin','Login','User logged in',NULL,NULL,'01:54:11','2025-10-09'),(221,1,'admin','Login','User logged in',NULL,NULL,'02:05:14','2025-10-09'),(222,1,'admin','Update Product','Updated product: Classic Metal Frame Readers',NULL,NULL,'02:05:42','2025-10-09'),(223,1,'admin','Login','User logged in',NULL,NULL,'02:09:44','2025-10-09'),(224,1,'admin','Login','User logged in',NULL,NULL,'02:14:19','2025-10-09'),(225,1,'admin','Update Product','Updated product: Classic Metal Frame Readers',NULL,NULL,'02:14:48','2025-10-09'),(226,1,'admin','Login','User logged in',NULL,NULL,'02:23:48','2025-10-09'),(227,1,'admin','Login','User logged in',NULL,NULL,'02:28:40','2025-10-09'),(228,1,'admin','Update Product','Updated product: Classic Metal Frame Readers',NULL,NULL,'02:33:07','2025-10-09'),(229,1,'admin','Update Product','Updated product: Foldable Pocket Readers',NULL,NULL,'02:33:42','2025-10-09'),(230,1,'admin','Login','User logged in',NULL,NULL,'02:41:11','2025-10-09'),(231,1,'admin','Login','User logged in',NULL,NULL,'02:42:37','2025-10-09'),(232,1,'admin','Login','User logged in',NULL,NULL,'02:47:48','2025-10-09'),(233,1,'admin','Login','User logged in',NULL,NULL,'02:51:49','2025-10-09'),(234,1,'admin','Login','User logged in',NULL,NULL,'02:54:02','2025-10-09'),(235,1,'admin','Update Product','Updated product: Foldable Pocket Readers',NULL,NULL,'02:54:42','2025-10-09'),(236,1,'admin','Login','User logged in',NULL,NULL,'03:02:24','2025-10-09'),(237,1,'admin','Login','User logged in',NULL,NULL,'09:38:26','2025-10-09'),(238,1,'admin','Insert','Added new transaction for Karla Gutierrez Alaban with total of 1820.00 and paid ?0.00','tbl_transactionstbl_transaction_items',3,'09:40:03','2025-10-09'),(239,1,'admin','Update','Updated transaction for Karla Gutierrez Alaban with total of 300.00 and paid0.00','tbl_transactionstbl_transaction_items',3,'09:41:19','2025-10-09'),(240,1,'admin','Insert','Added new transaction for Maria Josephine  Delacruz with total of 1060.00 and paid ?0.00','tbl_transactionstbl_transaction_items',4,'09:41:55','2025-10-09'),(241,1,'admin','Login','User logged in',NULL,NULL,'11:02:45','2025-10-09'),(242,1,'admin','Login','User logged in',NULL,NULL,'13:35:57','2025-10-09'),(243,1,'admin','Update Product','Updated product: Eyeglass Cleaning Kit',NULL,NULL,'13:36:45','2025-10-09'),(244,1,'admin','Add Product','Added product: light gray contact lens',NULL,NULL,'13:38:26','2025-10-09'),(245,1,'admin','Login','User logged in',NULL,NULL,'13:44:22','2025-10-09'),(246,1,'admin','Login','User logged in',NULL,NULL,'23:39:20','2025-10-09'),(247,1,'admin','Login','User logged in',NULL,NULL,'23:54:16','2025-10-09'),(248,1,'admin','Login','User logged in',NULL,NULL,'23:55:33','2025-10-09'),(249,1,'admin','Login','User logged in',NULL,NULL,'23:57:08','2025-10-09'),(250,1,'admin','Login','User logged in',NULL,NULL,'00:39:28','2025-10-10'),(251,1,'admin','Login','User logged in',NULL,NULL,'00:40:43','2025-10-10'),(252,1,'admin','Login','User logged in',NULL,NULL,'00:41:32','2025-10-10'),(253,1,'admin','Login','User logged in',NULL,NULL,'16:39:40','2025-10-10'),(254,1,'admin','Login','User logged in',NULL,NULL,'17:02:05','2025-10-10'),(255,1,'admin','Login','User logged in',NULL,NULL,'17:14:03','2025-10-10'),(256,1,'admin','Login','User logged in',NULL,NULL,'17:16:28','2025-10-10'),(257,1,'admin','Login','User logged in',NULL,NULL,'17:20:39','2025-10-10'),(258,1,'admin','Login','User logged in',NULL,NULL,'17:29:25','2025-10-10'),(259,1,'admin','Login','User logged in',NULL,NULL,'18:15:43','2025-10-10'),(260,1,'admin','Login','User logged in',NULL,NULL,'18:17:09','2025-10-10'),(261,1,'admin','Login','User logged in',NULL,NULL,'19:01:23','2025-10-10'),(262,1,'admin','Login','User logged in',NULL,NULL,'19:02:41','2025-10-10'),(263,1,'admin','Login','User logged in',NULL,NULL,'19:04:44','2025-10-10'),(264,1,'admin','Login','User logged in',NULL,NULL,'19:09:10','2025-10-10'),(265,1,'admin','Login','User logged in',NULL,NULL,'19:11:02','2025-10-10'),(266,1,'admin','Login','User logged in',NULL,NULL,'21:51:58','2025-10-10'),(267,1,'admin','Login','User logged in',NULL,NULL,'22:02:48','2025-10-10'),(268,1,'admin','Login','User logged in',NULL,NULL,'22:36:46','2025-10-10'),(269,1,'admin','Login','User logged in',NULL,NULL,'22:57:53','2025-10-10'),(270,1,'admin','Login','User logged in',NULL,NULL,'23:02:10','2025-10-10'),(271,1,'admin','Login','User logged in',NULL,NULL,'23:03:57','2025-10-10'),(272,1,'admin','Login','User logged in',NULL,NULL,'23:11:23','2025-10-10'),(273,1,'admin','Login','User logged in',NULL,NULL,'23:12:41','2025-10-10'),(274,1,'admin','Login','User logged in',NULL,NULL,'23:23:18','2025-10-10'),(275,1,'admin','Login','User logged in',NULL,NULL,'00:07:30','2025-10-11'),(276,1,'admin','Login','User logged in',NULL,NULL,'00:58:39','2025-10-11'),(277,1,'admin','Login','User logged in',NULL,NULL,'01:04:43','2025-10-11'),(278,1,'admin','Login','User logged in',NULL,NULL,'01:08:11','2025-10-11'),(279,1,'admin','Login','User logged in',NULL,NULL,'01:09:17','2025-10-11'),(280,1,'admin','Login','User logged in',NULL,NULL,'00:08:24','2025-10-12'),(281,1,'admin','Login','User logged in',NULL,NULL,'01:19:54','2025-10-12'),(282,1,'admin','Login','User logged in',NULL,NULL,'01:46:20','2025-10-12'),(283,1,'admin','Login','User logged in',NULL,NULL,'02:04:21','2025-10-12'),(284,1,'admin','Login','User logged in',NULL,NULL,'02:37:20','2025-10-12'),(285,1,'admin','Login','User logged in',NULL,NULL,'02:42:53','2025-10-12'),(286,1,'admin','Login','User logged in',NULL,NULL,'02:52:55','2025-10-12'),(287,1,'admin','Insert','Added checkup record for Joshua Mosrales','tbl_checkup',0,'02:53:45','2025-10-12'),(288,1,'admin','Insert','Created checkup transaction for Joshua Mosrales with total of 300','tbl_transactions',21,'02:53:45','2025-10-12'),(289,1,'admin','Insert','Added checkup record for Karla Gutierrez Alaban','tbl_checkup',8,'02:55:43','2025-10-12'),(290,1,'admin','Insert','Created checkup transaction for Karla Gutierrez Alaban with total of 300','tbl_transactions',22,'02:55:43','2025-10-12'),(291,1,'admin','Login','User logged in',NULL,NULL,'03:18:58','2025-10-12'),(292,1,'admin','Login','User logged in',NULL,NULL,'03:22:33','2025-10-12'),(293,1,'admin','Login','User logged in',NULL,NULL,'03:26:35','2025-10-12'),(294,1,'admin','Login','User logged in',NULL,NULL,'03:29:37','2025-10-12'),(295,1,'admin','Login','User logged in',NULL,NULL,'03:30:30','2025-10-12'),(296,1,'admin','Login','User logged in',NULL,NULL,'03:36:13','2025-10-12'),(297,1,'admin','Update Product','Updated product: Classic Metal Frame Readers',NULL,NULL,'03:36:48','2025-10-12'),(298,1,'admin','Login','User logged in',NULL,NULL,'21:04:58','2025-10-12'),(299,1,'admin','Login','User logged in',NULL,NULL,'22:14:47','2025-10-12'),(300,1,'admin','Login','User logged in',NULL,NULL,'22:43:36','2025-10-12'),(301,1,'admin','Login','User logged in',NULL,NULL,'23:00:28','2025-10-12'),(302,1,'admin','Login','User logged in',NULL,NULL,'23:01:33','2025-10-12'),(303,1,'admin','Login','User logged in',NULL,NULL,'23:02:18','2025-10-12'),(304,1,'admin','Update Product','Updated product: Classic Metal Frame Readers',NULL,NULL,'23:03:44','2025-10-12'),(305,1,'admin','Update Product','Updated product: Classic Metal Frame Readers',NULL,NULL,'23:03:56','2025-10-12'),(306,1,'admin','Update Product','Updated product: Acetate Full-Rim Frame',NULL,NULL,'23:05:08','2025-10-12'),(307,1,'admin','Insert','Added new transaction for Joshua  Mosrales with total of 1005.00 and paid ?0.00','tbl_transactionstbl_transaction_items',1,'23:08:08','2025-10-12'),(308,1,'admin','Settle','Settled payment of 1,005.00 for patient: Joshua Mosrales. Amount paid: 900','tbl_transactions, tbl_transaction_items',23,'23:09:17','2025-10-12'),(309,1,'admin','Settle','Settled payment of 105.00 for patient: Joshua Mosrales. Amount paid: 100','tbl_transactions, tbl_transaction_items',23,'23:09:27','2025-10-12'),(310,1,'admin','Settle','Settled payment of 5.00 for patient: Joshua Mosrales. Amount paid: 5','tbl_transactions, tbl_transaction_items',23,'23:09:49','2025-10-12'),(311,1,'admin','Login','User logged in',NULL,NULL,'23:16:45','2025-10-12'),(312,1,'admin','Login','User logged in',NULL,NULL,'23:24:21','2025-10-12'),(313,1,'admin','Login','User logged in',NULL,NULL,'00:00:07','2025-10-13'),(314,1,'admin','Login','User logged in',NULL,NULL,'00:00:47','2025-10-13'),(315,1,'admin','Insert','Added checkup record for Joshua Mosrales','tbl_checkup',0,'00:07:29','2025-10-13'),(316,1,'admin','Insert','Created checkup transaction for Joshua Mosrales with total of 300','tbl_transactions',24,'00:07:29','2025-10-13'),(317,1,'admin','Insert','Created appointment for patientID 1 with doctor Maria Clara','tbl_appointments',1,'00:07:49','2025-10-13'),(318,1,'admin','Insert','Added checkup record for Joshua Mosrales','tbl_checkup',0,'00:08:39','2025-10-13'),(319,1,'admin','Insert','Created checkup transaction for Joshua Mosrales with total of 300','tbl_transactions',25,'00:08:39','2025-10-13'),(320,1,'admin','Login','User logged in',NULL,NULL,'00:19:01','2025-10-13'),(321,1,'admin','Login','User logged in',NULL,NULL,'00:29:44','2025-10-13'),(322,1,'admin','Update','Updated transaction for Joshua Mosrales with total of 630.00 and paid0.00','tbl_transactionstbl_transaction_items',1,'00:32:45','2025-10-13'),(323,1,'admin','Update Product','Updated product: Photochromic Lenses',NULL,NULL,'00:33:04','2025-10-13'),(324,1,'admin','Login','User logged in',NULL,NULL,'00:57:11','2025-10-13'),(325,1,'admin','Login','User logged in',NULL,NULL,'00:59:05','2025-10-13'),(326,1,'admin','Update Product','Updated product: Foldable Pocket Readers',NULL,NULL,'01:00:32','2025-10-13'),(327,1,'admin','Login','User logged in',NULL,NULL,'01:33:02','2025-10-13'),(328,1,'admin','Update','Updated transaction for Joshua Mosrales with total of 300.00 and paid0.00','tbl_transactionstbl_transaction_items',1,'01:43:18','2025-10-13'),(329,1,'admin','Settle','Settled payment of 300.00 for patient: Joshua Mosrales. Amount paid: 100','tbl_transactions, tbl_transaction_items',24,'01:43:37','2025-10-13'),(330,1,'admin','Settle','Settled payment of 200.00 for patient: Joshua Mosrales. Amount paid: 100','tbl_transactions, tbl_transaction_items',24,'01:43:44','2025-10-13'),(331,1,'admin','Settle','Settled payment of 100.00 for patient: Joshua Mosrales. Amount paid: 100','tbl_transactions, tbl_transaction_items',24,'01:43:55','2025-10-13'),(332,1,'admin','Login','User logged in',NULL,NULL,'01:53:42','2025-10-13'),(333,1,'admin','Place Order','Placed a new order with Order ID: 3 and Total Amount: 1500',NULL,NULL,'02:07:31','2025-10-13'),(334,1,'admin','Login','User logged in',NULL,NULL,'02:30:20','2025-10-13'),(335,1,'admin','Login','User logged in',NULL,NULL,'02:36:16','2025-10-13'),(336,1,'admin','Login','User logged in',NULL,NULL,'02:53:56','2025-10-13'),(337,1,'admin','Login','User logged in',NULL,NULL,'03:12:39','2025-10-13'),(338,1,'admin','Place Order','Placed a new order with Order ID: 4 and Total Amount: 1500',NULL,NULL,'03:15:51','2025-10-13'),(339,1,'admin','Login','User logged in',NULL,NULL,'03:35:56','2025-10-13'),(340,1,'admin','Cancel Order','Order ID 4: Order partially completed - remaining items cancelled',NULL,NULL,'03:39:39','2025-10-13'),(341,1,'admin','Login','User logged in',NULL,NULL,'11:05:01','2025-10-13'),(342,1,'admin','Cancel Order','Order ID 3: Order partially completed - remaining items cancelled',NULL,NULL,'11:05:46','2025-10-13'),(343,1,'admin','Place Order','Placed a new order with Order ID: 5 and Total Amount: 6600',NULL,NULL,'11:06:38','2025-10-13'),(344,1,'admin','Place Order','Placed a new order with Order ID: 6 and Total Amount: 1500',NULL,NULL,'11:11:23','2025-10-13'),(345,1,'admin','Login','User logged in',NULL,NULL,'11:14:38','2025-10-13'),(346,1,'admin','Login','User logged in',NULL,NULL,'11:21:48','2025-10-13'),(347,1,'admin','Insert','Added new patient: Boss Sarap','patient_data',7,'11:29:07','2025-10-13'),(348,1,'admin','Login','User logged in',NULL,NULL,'12:55:49','2025-10-13'),(349,1,'admin','Login','User logged in',NULL,NULL,'12:59:26','2025-10-13'),(350,1,'admin','Login','User logged in',NULL,NULL,'23:45:21','2025-10-13'),(351,1,'admin','Login','User logged in',NULL,NULL,'00:01:08','2025-10-14'),(352,1,'admin','Login','User logged in',NULL,NULL,'00:11:46','2025-10-14'),(353,1,'admin','Login','User logged in',NULL,NULL,'00:18:03','2025-10-14'),(354,1,'admin','Login','User logged in',NULL,NULL,'00:23:31','2025-10-14'),(355,1,'admin','Update','Updated transaction for Karla Gutierrez Alaban with total of 300.00 and paid0.00','tbl_transactionstbl_transaction_items',3,'00:23:49','2025-10-14'),(356,1,'admin','Settle','Settled payment of ?200.00 for patient: Karla Gutierrez Alaban. Remaining balance: ?100.00','tbl_transactions, tbl_transaction_items',22,'00:24:14','2025-10-14'),(357,1,'admin','Settle','Settled payment of ?28.00 for patient: Karla Gutierrez Alaban. Remaining balance: ?72.00','tbl_transactions, tbl_transaction_items',22,'00:24:29','2025-10-14'),(358,1,'admin','Settle','Settled payment of ?72.00 for patient: Karla Gutierrez Alaban. Remaining balance: ?0.00','tbl_transactions, tbl_transaction_items',22,'00:25:57','2025-10-14'),(359,1,'admin','Update','Updated transaction for Joshua Mosrales with total of 300.00 and paid0.00','tbl_transactionstbl_transaction_items',1,'00:27:08','2025-10-14'),(360,1,'admin','Settle','Settled payment of ?200.00 for patient: Joshua Mosrales. Remaining balance: ?100.00','tbl_transactions, tbl_transaction_items',21,'00:27:36','2025-10-14'),(361,1,'admin','Login','User logged in',NULL,NULL,'00:29:34','2025-10-14'),(362,1,'admin','Update','Updated transaction for Joshua Mosrales with total of 300.00 and paid0.00','tbl_transactionstbl_transaction_items',1,'00:29:50','2025-10-14'),(363,1,'admin','Login','User logged in',NULL,NULL,'00:47:41','2025-10-14'),(364,1,'admin','Insert','Added checkup record for Joshua Mosrales','tbl_checkup',0,'00:48:02','2025-10-14'),(365,1,'admin','Insert','Created checkup transaction for Joshua Mosrales with total of 300','tbl_transactions',26,'00:48:02','2025-10-14'),(366,1,'admin','Insert','Added checkup record for Joshua Mosrales','tbl_checkup',0,'00:48:51','2025-10-14'),(367,1,'admin','Insert','Created checkup transaction for Joshua Mosrales with total of 300','tbl_transactions',27,'00:48:51','2025-10-14'),(368,1,'admin','Insert','Added checkup record for Joshua Mosrales','tbl_checkup',0,'00:49:21','2025-10-14'),(369,1,'admin','Insert','Created checkup transaction for Joshua Mosrales with total of 300','tbl_transactions',28,'00:49:21','2025-10-14'),(370,1,'admin','Insert','Added checkup record for Angelo Royce Morales','tbl_checkup',0,'00:50:07','2025-10-14'),(371,1,'admin','Insert','Created checkup transaction for Angelo Royce Morales with total of 300','tbl_transactions',29,'00:50:07','2025-10-14'),(372,1,'admin','Login','User logged in',NULL,NULL,'01:29:37','2025-10-14'),(373,1,'admin','Insert','Added checkup record for Boss Dogs Sarap','tbl_checkup',0,'01:30:03','2025-10-14'),(374,1,'admin','Insert','Created checkup transaction for Boss Dogs Sarap with total of 300','tbl_transactions',30,'01:30:03','2025-10-14'),(375,1,'admin','Update','Updated transaction for Boss Dogs Sarap with total of 300.00 and paid0.00','tbl_transactionstbl_transaction_items',7,'01:30:13','2025-10-14'),(376,1,'admin','Login','User logged in',NULL,NULL,'01:45:20','2025-10-14'),(377,1,'admin','Insert','Added checkup record for Joshua Mosrales','tbl_checkup',0,'01:46:21','2025-10-14'),(378,1,'admin','Insert','Created checkup transaction for Joshua Mosrales with total of 300','tbl_transactions',31,'01:46:21','2025-10-14'),(379,1,'admin','Insert','Added checkup record for Karla Gutierrez Alaban','tbl_checkup',0,'01:46:53','2025-10-14'),(380,1,'admin','Insert','Created checkup transaction for Karla Gutierrez Alaban with total of 300','tbl_transactions',32,'01:46:53','2025-10-14'),(381,1,'admin','Login','User logged in',NULL,NULL,'02:01:12','2025-10-14'),(382,1,'admin','Insert','Added checkup record for Boss Dogs Sarap','tbl_checkup',0,'02:01:30','2025-10-14'),(383,1,'admin','Insert','Created checkup transaction for Boss Dogs Sarap with total of 300','tbl_transactions',33,'02:01:30','2025-10-14'),(384,1,'admin','Login','User logged in',NULL,NULL,'02:41:34','2025-10-14'),(385,1,'admin','Insert','Added checkup record for Boss Dogs Sarap','tbl_checkup',0,'02:41:54','2025-10-14'),(386,1,'admin','Insert','Added checkup record for Boss Dogs Sarap','tbl_checkup',0,'02:42:18','2025-10-14'),(387,1,'admin','Login','User logged in',NULL,NULL,'02:53:49','2025-10-14'),(388,1,'admin','Insert','Added new transaction for Juan Andres  Bonifacio with total of 300.00 and paid ?200','tbl_transactionstbl_transaction_items',6,'03:10:17','2025-10-14'),(389,1,'admin','Insert','Added new transaction for Benedict  Parpan with total of 300.00 and paid ?200','tbl_transactionstbl_transaction_items',5,'03:11:08','2025-10-14'),(390,1,'admin','Insert','Added new transaction for Joshua  Mosrales with total of 300.00 and paid ?100','tbl_transactionstbl_transaction_items',1,'03:15:50','2025-10-14'),(391,1,'admin','Insert','Added new transaction for Maria Josephine  Delacruz with total of 650.00 and paid ?300','tbl_transactionstbl_transaction_items',4,'03:18:20','2025-10-14'),(392,1,'admin','Settle','Settled payment of ?300.00 for patient: Maria Josephine Delacruz. Remaining balance: ?50.00','tbl_transactions, tbl_transaction_items',37,'03:18:34','2025-10-14'),(393,1,'admin','Settle','Settled payment of ?25.00 for patient: Maria Josephine Delacruz. Remaining balance: ?25.00','tbl_transactions, tbl_transaction_items',37,'03:22:01','2025-10-14'),(394,1,'admin','Login','User logged in',NULL,NULL,'03:49:25','2025-10-14'),(395,1,'admin','Insert','Added new transaction for Joshua  Mosrales with total of 300.00 and paid ?100','tbl_transactionstbl_transaction_items',1,'03:51:45','2025-10-14'),(396,1,'admin','Insert','Added new transaction for Maria Josephine  Delacruz with total of 300.00 and paid ?200','tbl_transactionstbl_transaction_items',4,'03:52:48','2025-10-14'),(397,1,'admin','Login','User logged in',NULL,NULL,'03:55:23','2025-10-14'),(398,1,'admin','Login','User logged in',NULL,NULL,'04:02:01','2025-10-14'),(399,1,'admin','Login','User logged in',NULL,NULL,'04:02:47','2025-10-14'),(400,1,'admin','Insert','Added checkup record for Angelo Royce Morales','tbl_checkup',21,'04:03:25','2025-10-14'),(401,1,'admin','Insert','Added new transaction for Angelo Royce  Morales with total of 300.00 and paid ?200','tbl_transactionstbl_transaction_items',2,'04:03:25','2025-10-14'),(402,1,'admin','Login','User logged in',NULL,NULL,'04:14:06','2025-10-14'),(403,1,'admin','Insert','Added checkup record for Juan Andres Bonifacio','tbl_checkup',22,'04:14:41','2025-10-14'),(404,1,'admin','Insert','Added checkup transaction for Juan Andres  Bonifacio with checkup ID 22 and paid ?100','tbl_transactions',41,'04:14:55','2025-10-14'),(405,1,'admin','Login','User logged in',NULL,NULL,'04:15:46','2025-10-14'),(406,1,'admin','Insert','Added checkup record for Benedict Parpan','tbl_checkup',23,'04:16:07','2025-10-14'),(407,1,'admin','Insert','Added new transaction for Benedict  Parpan with total of 300.00 and paid ?100','tbl_transactionstbl_transaction_items',5,'04:16:07','2025-10-14'),(408,1,'admin','Login','User logged in',NULL,NULL,'04:30:48','2025-10-14'),(409,1,'admin','Insert','Added checkup record for Maria Josephine Delacruz','tbl_checkup',24,'04:31:49','2025-10-14'),(410,1,'admin','Insert','Added new transaction for Maria Josephine  Delacruz with total of 300.00 and paid ?100','tbl_transactionstbl_transaction_items',4,'04:31:49','2025-10-14'),(411,1,'admin','Login','User logged in',NULL,NULL,'04:37:09','2025-10-14'),(412,1,'admin','Insert','Added checkup record for Angelo Royce Morales','tbl_checkup',25,'04:37:28','2025-10-14'),(413,1,'admin','Insert','Added new transaction for Angelo Royce  Morales with total of 300.00 and paid ?100','tbl_transactionstbl_transaction_items',2,'04:37:28','2025-10-14'),(414,1,'admin','Insert','Added new transaction for Juan Andres  Bonifacio with total of 300.00 and paid ?100','tbl_transactionstbl_transaction_items',6,'04:38:06','2025-10-14'),(415,1,'admin','Settle','Settled payment of ?100.00 for patient: Juan Andres Bonifacio. Remaining balance: ?100.00','tbl_transactions, tbl_transaction_items',45,'04:38:31','2025-10-14'),(416,1,'admin','Login','User logged in',NULL,NULL,'04:47:41','2025-10-14'),(417,1,'admin','Settle','Settled payment of ?100.00 for patient: Angelo Royce Morales. Remaining balance: ?100.00','tbl_transactions, tbl_transaction_items',44,'04:47:58','2025-10-14'),(418,1,'admin','Settle','Settled payment of ?200.00 for patient: Maria Josephine Delacruz. Remaining balance: ?0.00','tbl_transactions, tbl_transaction_items',43,'04:48:10','2025-10-14'),(419,1,'admin','Settle','Settled payment of ?100.00 for patient: Benedict Parpan. Remaining balance: ?100.00','tbl_transactions, tbl_transaction_items',42,'04:48:30','2025-10-14'),(420,1,'admin','Login','User logged in',NULL,NULL,'04:51:15','2025-10-14'),(421,1,'admin','Settle','Settled payment of ?50.00 for patient: Angelo Royce Morales. Remaining balance: ?50.00','tbl_transactions, tbl_transaction_items',40,'04:51:24','2025-10-14'),(422,1,'admin','Settle','Settled payment of ?25.00 for patient: Angelo Royce Morales. Remaining balance: ?25.00','tbl_transactions, tbl_transaction_items',40,'04:51:43','2025-10-14'),(423,1,'admin','Settle','Settled payment of ?25.00 for patient: Angelo Royce Morales. Remaining balance: ?0.00','tbl_transactions, tbl_transaction_items',40,'04:51:58','2025-10-14'),(424,1,'admin','Login','User logged in',NULL,NULL,'04:53:29','2025-10-14'),(425,1,'admin','Login','User logged in',NULL,NULL,'15:07:04','2025-10-14'),(426,1,'admin','Login','User logged in',NULL,NULL,'15:26:21','2025-10-14'),(427,1,'admin','Login','User logged in',NULL,NULL,'15:30:40','2025-10-14'),(428,1,'admin','Login','User logged in',NULL,NULL,'15:36:32','2025-10-14'),(429,1,'admin','Login','User logged in',NULL,NULL,'15:44:26','2025-10-14'),(430,1,'admin','Login','User logged in',NULL,NULL,'15:51:38','2025-10-14'),(431,1,'admin','Login','User logged in',NULL,NULL,'15:55:51','2025-10-14'),(432,1,'admin','Login','User logged in',NULL,NULL,'16:20:57','2025-10-14'),(433,1,'admin','Login','User logged in',NULL,NULL,'17:57:10','2025-10-14'),(434,1,'admin','Login','User logged in',NULL,NULL,'18:05:53','2025-10-14'),(435,1,'admin','Login','User logged in',NULL,NULL,'18:13:05','2025-10-14'),(436,1,'admin','Login','User logged in',NULL,NULL,'18:17:14','2025-10-14'),(437,1,'admin','Login','User logged in',NULL,NULL,'18:20:20','2025-10-14'),(438,1,'admin','Login','User logged in',NULL,NULL,'18:23:17','2025-10-14'),(439,1,'admin','Login','User logged in',NULL,NULL,'18:35:21','2025-10-14'),(440,1,'admin','Login','User logged in',NULL,NULL,'18:38:35','2025-10-14'),(441,1,'admin','Login','User logged in',NULL,NULL,'18:45:54','2025-10-14'),(442,1,'admin','Login','User logged in',NULL,NULL,'19:10:30','2025-10-14'),(443,1,'admin','Login','User logged in',NULL,NULL,'19:13:35','2025-10-14'),(444,1,'admin','Login','User logged in',NULL,NULL,'19:16:58','2025-10-14'),(445,1,'admin','Login','User logged in',NULL,NULL,'19:28:24','2025-10-14'),(446,1,'admin','Login','User logged in',NULL,NULL,'19:37:38','2025-10-14'),(447,1,'admin','Login','User logged in',NULL,NULL,'19:40:22','2025-10-14'),(448,1,'admin','Login','User logged in',NULL,NULL,'19:50:31','2025-10-14'),(449,1,'admin','Login','User logged in',NULL,NULL,'19:57:57','2025-10-14'),(450,1,'admin','Login','User logged in',NULL,NULL,'20:01:16','2025-10-14'),(451,1,'admin','Login','User logged in',NULL,NULL,'20:17:49','2025-10-14'),(452,1,'admin','Login','User logged in',NULL,NULL,'20:22:25','2025-10-14'),(453,1,'admin','Login','User logged in',NULL,NULL,'20:28:50','2025-10-14'),(454,1,'admin','Login','User logged in',NULL,NULL,'20:35:29','2025-10-14'),(455,1,'admin','Login','User logged in',NULL,NULL,'20:41:28','2025-10-14'),(456,1,'admin','Login','User logged in',NULL,NULL,'20:43:41','2025-10-14'),(457,1,'admin','Login','User logged in',NULL,NULL,'20:55:01','2025-10-14'),(458,1,'admin','Place Order','Placed a new order with Order ID: 7 and Total Amount: 500',NULL,NULL,'20:55:22','2025-10-14'),(459,1,'admin','Login','User logged in',NULL,NULL,'21:00:10','2025-10-14'),(460,1,'admin','Login','User logged in',NULL,NULL,'21:07:07','2025-10-14'),(461,1,'admin','Login','User logged in',NULL,NULL,'21:13:09','2025-10-14'),(462,1,'admin','Login','User logged in',NULL,NULL,'21:15:34','2025-10-14'),(463,1,'admin','Cancel Order','Order ID 7: Order partially completed - remaining items cancelled',NULL,NULL,'21:16:32','2025-10-14'),(464,1,'admin','Login','User logged in',NULL,NULL,'21:20:23','2025-10-14'),(465,1,'admin','Login','User logged in',NULL,NULL,'21:30:44','2025-10-14'),(466,1,'admin','Login','User logged in',NULL,NULL,'21:35:14','2025-10-14'),(467,1,'admin','Login','User logged in',NULL,NULL,'21:38:34','2025-10-14'),(468,1,'admin','Login','User logged in',NULL,NULL,'21:41:53','2025-10-14'),(469,1,'admin','Place Order','Placed a new order with Order ID: 8 and Total Amount: 1000',NULL,NULL,'21:42:19','2025-10-14'),(470,1,'admin','Cancel Order','Order ID 8: Order partially completed - remaining items cancelled',NULL,NULL,'21:43:08','2025-10-14'),(471,1,'admin','Add Product','Added product: haha',NULL,NULL,'21:43:56','2025-10-14'),(472,1,'admin','Login','User logged in',NULL,NULL,'21:55:35','2025-10-14'),(473,1,'admin','Add Product','Added product: haha',NULL,NULL,'21:56:01','2025-10-14'),(474,1,'admin','Login','User logged in',NULL,NULL,'21:59:28','2025-10-14'),(475,1,'admin','Place Order','Placed a new order with Order ID: 9 and Total Amount: 9500',NULL,NULL,'22:00:46','2025-10-14'),(476,1,'admin','Add Product','Added product: reter',NULL,NULL,'22:02:00','2025-10-14'),(477,1,'admin','Cancel Order','Order ID 9: Order partially completed - remaining items cancelled',NULL,NULL,'22:02:17','2025-10-14'),(478,1,'admin','Login','User logged in',NULL,NULL,'22:02:52','2025-10-14'),(479,1,'admin','Place Order','Placed a new order with Order ID: 10 and Total Amount: 100502',NULL,NULL,'22:03:12','2025-10-14'),(480,1,'admin','Cancel Order','Order ID 10: Order partially completed - remaining items cancelled',NULL,NULL,'22:03:58','2025-10-14'),(481,1,'admin','Add Product','Added product: wer',NULL,NULL,'22:06:08','2025-10-14'),(482,1,'admin','Login','User logged in',NULL,NULL,'22:12:48','2025-10-14'),(483,1,'admin','Login','User logged in',NULL,NULL,'22:15:21','2025-10-14'),(484,1,'admin','Add Supplier','Added supplier: weq',NULL,NULL,'22:16:07','2025-10-14'),(485,1,'admin','Login','User logged in',NULL,NULL,'00:21:36','2025-10-15'),(486,1,'admin','Login','User logged in',NULL,NULL,'01:01:27','2025-10-15'),(487,1,'admin','Login','User logged in',NULL,NULL,'01:10:28','2025-10-15'),(488,1,'admin','Place Order','Placed a new order with Order ID: 11 and Total Amount: 615',NULL,NULL,'01:17:23','2025-10-15'),(489,1,'admin','Cancel Order','Order ID 11: Order partially completed - remaining items cancelled',NULL,NULL,'01:21:59','2025-10-15'),(490,1,'admin','Login','User logged in',NULL,NULL,'01:30:36','2025-10-15'),(491,1,'admin','Login','User logged in',NULL,NULL,'01:33:03','2025-10-15'),(492,1,'admin','Login','User logged in',NULL,NULL,'01:38:51','2025-10-15'),(493,1,'admin','Login','User logged in',NULL,NULL,'02:19:48','2025-10-15'),(494,1,'admin','Login','User logged in',NULL,NULL,'02:31:31','2025-10-15'),(495,1,'admin','Login','User logged in',NULL,NULL,'02:33:10','2025-10-15'),(496,1,'admin','Login','User logged in',NULL,NULL,'02:42:55','2025-10-15'),(497,1,'admin','Insert','Created appointment for patientID 1 with doctor Juan Delacruz','tbl_appointments',1,'02:45:54','2025-10-15'),(498,1,'admin','Login','User logged in',NULL,NULL,'02:56:10','2025-10-15'),(499,1,'admin','Insert','Created appointment for patientID 2 with doctor Juan Delacruz','tbl_appointments',2,'03:00:51','2025-10-15'),(500,1,'admin','Insert','Created appointment for patientID 1 with doctor Maria Clara','tbl_appointments',1,'03:01:15','2025-10-15'),(501,1,'admin','Insert','Created appointment for patientID 7 with doctor Juan Delacruz','tbl_appointments',7,'03:01:32','2025-10-15'),(502,1,'admin','Login','User logged in',NULL,NULL,'14:10:01','2025-10-15'),(503,1,'admin','Login','User logged in',NULL,NULL,'14:27:46','2025-10-15'),(504,1,'admin','Login','User logged in',NULL,NULL,'14:33:09','2025-10-15'),(505,1,'admin','Login','User logged in',NULL,NULL,'14:40:15','2025-10-15'),(506,1,'admin','Login','User logged in',NULL,NULL,'14:41:48','2025-10-15'),(507,1,'admin','Login','User logged in',NULL,NULL,'14:47:37','2025-10-15'),(508,1,'admin','Login','User logged in',NULL,NULL,'14:48:39','2025-10-15'),(509,1,'admin','Login','User logged in',NULL,NULL,'14:51:40','2025-10-15'),(510,1,'admin','Login','User logged in',NULL,NULL,'14:56:32','2025-10-15'),(511,1,'admin','Login','User logged in',NULL,NULL,'15:10:53','2025-10-15'),(512,1,'admin','Login','User logged in',NULL,NULL,'15:22:51','2025-10-15'),(513,1,'admin','Login','User logged in',NULL,NULL,'15:28:41','2025-10-15'),(514,1,'admin','Place Order','Placed a new order with Order ID: 12 and Total Amount: 246',NULL,NULL,'15:29:10','2025-10-15'),(515,1,'admin','Login','User logged in',NULL,NULL,'15:37:04','2025-10-15'),(516,1,'admin','Place Order','Placed a new order with Order ID: 13 and Total Amount: 615',NULL,NULL,'15:37:19','2025-10-15'),(517,1,'admin','Login','User logged in',NULL,NULL,'15:54:04','2025-10-15'),(518,1,'admin','Login','User logged in',NULL,NULL,'16:12:09','2025-10-15'),(519,1,'admin','Login','User logged in',NULL,NULL,'16:17:20','2025-10-15'),(520,1,'admin','Login','User logged in',NULL,NULL,'16:18:15','2025-10-15'),(521,1,'admin','Login','User logged in',NULL,NULL,'16:19:31','2025-10-15'),(522,1,'admin','Login','User logged in',NULL,NULL,'16:20:29','2025-10-15'),(523,1,'admin','Login','User logged in',NULL,NULL,'16:27:57','2025-10-15'),(524,1,'admin','Login','User logged in',NULL,NULL,'16:36:26','2025-10-15'),(525,1,'admin','Login','User logged in',NULL,NULL,'16:47:08','2025-10-15'),(526,1,'admin','Login','User logged in',NULL,NULL,'17:00:34','2025-10-15'),(527,1,'admin','Login','User logged in',NULL,NULL,'17:07:14','2025-10-15'),(528,1,'admin','Login','User logged in',NULL,NULL,'17:10:39','2025-10-15'),(529,1,'admin','Place Order','Placed a new order with Order ID: 14 and Total Amount: 1000',NULL,NULL,'17:11:34','2025-10-15'),(530,1,'admin','Cancel Order','Order ID 14: Order partially completed - remaining items cancelled',NULL,NULL,'17:13:05','2025-10-15'),(531,1,'admin','Place Order','Placed a new order with Order ID: 15 and Total Amount: 16210',NULL,NULL,'17:16:40','2025-10-15'),(532,1,'admin','Login','User logged in',NULL,NULL,'17:31:26','2025-10-15'),(533,1,'admin','Place Order','Placed a new order with Order ID: 16 and Total Amount: 300',NULL,NULL,'17:32:55','2025-10-15'),(534,1,'admin','Cancel Order','Order ID 16: Order partially completed - remaining items cancelled',NULL,NULL,'17:33:24','2025-10-15'),(535,1,'admin','Login','User logged in',NULL,NULL,'17:44:09','2025-10-15'),(536,1,'admin','Cancel Order','Order ID 13: Order partially completed - remaining items cancelled',NULL,NULL,'17:45:05','2025-10-15'),(537,1,'admin','Login','User logged in',NULL,NULL,'17:53:18','2025-10-15'),(538,1,'admin','Cancel Order','Order ID 5: Order partially completed - remaining items cancelled',NULL,NULL,'17:53:55','2025-10-15'),(539,1,'admin','Cancel Order','Order ID 15: Order partially completed - remaining items cancelled',NULL,NULL,'17:59:20','2025-10-15'),(540,1,'admin','Login','User logged in',NULL,NULL,'18:00:51','2025-10-15'),(541,1,'admin','Add User','Added user: admin1',NULL,NULL,'18:02:20','2025-10-15'),(542,1,'admin','Place Order','Placed a new order with Order ID: 17 and Total Amount: 400',NULL,NULL,'18:10:20','2025-10-15'),(543,1,'admin','Cancel Order','Order ID 17: Order partially completed - remaining items cancelled',NULL,NULL,'18:10:55','2025-10-15'),(544,1,'admin','Login','User logged in',NULL,NULL,'18:29:26','2025-10-15'),(545,1,'admin','Place Order','Placed a new order with Order ID: 18 and Total Amount: 300',NULL,NULL,'18:29:50','2025-10-15'),(546,1,'admin','Cancel Order','Order ID 18: Order partially completed - remaining items cancelled',NULL,NULL,'18:30:12','2025-10-15'),(547,1,'admin','Login','User logged in',NULL,NULL,'18:34:51','2025-10-15'),(548,1,'admin','Place Order','Placed a new order with Order ID: 1 and Total Amount: 5000',NULL,NULL,'18:38:24','2025-10-15'),(549,1,'admin','Place Order','Placed a new order with Order ID: 2 and Total Amount: 2000',NULL,NULL,'18:40:14','2025-10-15'),(550,1,'admin','Cancel Order','Order ID 2: Order completely cancelled',NULL,NULL,'18:42:37','2025-10-15'),(551,1,'admin','Login','User logged in',NULL,NULL,'18:49:17','2025-10-15'),(552,1,'admin','Place Order','Placed a new order with Order ID: 3 and Total Amount: 2000',NULL,NULL,'18:50:59','2025-10-15'),(553,1,'admin','Cancel Order','Order ID 3: Order partially completed - remaining items cancelled',NULL,NULL,'18:51:31','2025-10-15'),(554,1,'admin','Login','User logged in',NULL,NULL,'18:57:28','2025-10-15'),(555,1,'admin','Place Order','Placed a new order with Order ID: 4 and Total Amount: 5000',NULL,NULL,'18:57:57','2025-10-15'),(556,1,'admin','Login','User logged in',NULL,NULL,'19:04:09','2025-10-15'),(557,1,'admin','Login','User logged in',NULL,NULL,'19:16:52','2025-10-15'),(558,1,'admin','Login','User logged in',NULL,NULL,'19:30:54','2025-10-15'),(559,1,'admin','Login','User logged in',NULL,NULL,'20:27:57','2025-10-15'),(560,1,'admin','Login','User logged in',NULL,NULL,'20:45:58','2025-10-15'),(561,1,'admin','Login','User logged in',NULL,NULL,'20:49:21','2025-10-15'),(562,1,'admin','Login','User logged in',NULL,NULL,'21:10:46','2025-10-15'),(563,1,'admin','Add Product','Added product: sample 1',NULL,NULL,'21:13:34','2025-10-15'),(564,1,'admin','Update Product','Updated product: sample 1',NULL,NULL,'21:14:49','2025-10-15'),(565,1,'admin','Login','User logged in',NULL,NULL,'21:16:32','2025-10-15'),(566,1,'admin','Login','User logged in',NULL,NULL,'21:28:52','2025-10-15'),(567,1,'admin','Add Product','Added product: sample 2',NULL,NULL,'21:29:22','2025-10-15'),(568,1,'admin','Login','User logged in',NULL,NULL,'21:33:40','2025-10-15'),(569,1,'admin','Place Order','Placed a new order with Order ID: 5 and Total Amount: 5000',NULL,NULL,'21:35:53','2025-10-15'),(570,1,'admin','Place Order','Placed a new order with Order ID: 6 and Total Amount: 1000',NULL,NULL,'21:39:55','2025-10-15'),(571,1,'admin','Place Order','Placed a new order with Order ID: 7 and Total Amount: 1500',NULL,NULL,'21:48:39','2025-10-15'),(572,1,'admin','Login','User logged in',NULL,NULL,'21:59:23','2025-10-15'),(573,1,'admin','Insert','Created appointment for patientID 3 with doctor Juan Delacruz','tbl_appointments',3,'22:01:09','2025-10-15'),(574,1,'admin','Login','User logged in',NULL,NULL,'22:21:24','2025-10-15'),(575,1,'admin','Login','User logged in',NULL,NULL,'22:34:41','2025-10-15'),(576,1,'admin','Login','User logged in',NULL,NULL,'22:38:51','2025-10-15'),(577,1,'admin','Login','User logged in',NULL,NULL,'22:51:27','2025-10-15'),(578,1,'admin','Place Order','Placed a new order with Order ID: 8 and Total Amount: 14400',NULL,NULL,'22:53:50','2025-10-15'),(579,1,'admin','Login','User logged in',NULL,NULL,'22:58:45','2025-10-15'),(580,1,'admin','Cancel Order','Order ID 8: Order partially completed - remaining items cancelled',NULL,NULL,'22:59:30','2025-10-15'),(581,1,'admin','Update Product','Updated product: sample 1',NULL,NULL,'23:00:26','2025-10-15'),(582,1,'admin','Login','User logged in',NULL,NULL,'23:13:32','2025-10-15'),(583,1,'admin','Login','User logged in',NULL,NULL,'23:32:15','2025-10-15'),(584,1,'admin','Login','User logged in',NULL,NULL,'23:37:37','2025-10-15'),(585,1,'admin','Login','User logged in',NULL,NULL,'23:42:59','2025-10-15'),(586,1,'admin','Login','User logged in',NULL,NULL,'23:58:35','2025-10-15'),(587,1,'admin','Login','User logged in',NULL,NULL,'00:05:16','2025-10-16'),(588,1,'admin','Login','User logged in',NULL,NULL,'00:10:31','2025-10-16'),(589,1,'admin','Place Order','Placed a new order with Order ID: 9 and Total Amount: 0',NULL,NULL,'00:11:02','2025-10-16'),(590,1,'admin','Place Order','Placed a new order with Order ID: 10 and Total Amount: 2250',NULL,NULL,'00:11:46','2025-10-16'),(591,1,'admin','Login','User logged in',NULL,NULL,'00:18:52','2025-10-16'),(592,1,'admin','Login','User logged in',NULL,NULL,'00:19:35','2025-10-16'),(593,1,'admin','Login','User logged in',NULL,NULL,'00:37:31','2025-10-16'),(594,1,'admin','Login','User logged in',NULL,NULL,'00:41:55','2025-10-16'),(595,1,'admin','Login','User logged in',NULL,NULL,'00:42:32','2025-10-16'),(596,1,'admin','Place Order','Placed a new order with Order ID: 1 and Total Amount: 500',NULL,NULL,'00:43:55','2025-10-16'),(597,1,'admin','Update Product','Updated product: sample',NULL,NULL,'00:45:12','2025-10-16'),(598,1,'admin','Login','User logged in',NULL,NULL,'00:53:39','2025-10-16'),(599,1,'admin','Login','User logged in',NULL,NULL,'00:57:43','2025-10-16'),(600,1,'admin','Login','User logged in',NULL,NULL,'01:01:20','2025-10-16'),(601,1,'admin','Login','User logged in',NULL,NULL,'01:13:19','2025-10-16'),(602,1,'admin','Login','User logged in',NULL,NULL,'01:17:27','2025-10-16'),(603,1,'admin','Login','User logged in',NULL,NULL,'01:20:09','2025-10-16'),(604,1,'admin','Login','User logged in',NULL,NULL,'01:27:34','2025-10-16'),(605,1,'admin','Place Order','Placed a new order with Order ID: 2 and Total Amount: 500',NULL,NULL,'01:27:49','2025-10-16'),(606,1,'admin','Login','User logged in',NULL,NULL,'01:35:09','2025-10-16'),(607,1,'admin','Login','User logged in',NULL,NULL,'01:41:14','2025-10-16'),(608,1,'admin','Login','User logged in',NULL,NULL,'01:42:32','2025-10-16'),(609,1,'admin','Insert','Added new doctor named michael N/A casicas','tbl_doctor',3,'01:43:09','2025-10-16'),(610,1,'admin','Login','User logged in',NULL,NULL,'01:52:52','2025-10-16'),(611,1,'admin','Place Order','Placed a new order with Order ID: 3 and Total Amount: 1000',NULL,NULL,'01:53:26','2025-10-16'),(612,1,'admin','Login','User logged in',NULL,NULL,'01:56:01','2025-10-16'),(613,1,'admin','Login','User logged in',NULL,NULL,'01:58:28','2025-10-16'),(614,1,'admin','Login','User logged in',NULL,NULL,'02:06:45','2025-10-16'),(615,1,'admin','Login','User logged in',NULL,NULL,'02:10:53','2025-10-16'),(616,1,'admin','Place Order','Placed a new order with Order ID: 1 and Total Amount: 500',NULL,NULL,'02:11:42','2025-10-16'),(617,1,'admin','Cancel Order','Order ID 1: Order partially completed - remaining items cancelled',NULL,NULL,'02:12:16','2025-10-16'),(618,1,'admin','Login','User logged in',NULL,NULL,'02:15:57','2025-10-16'),(619,1,'admin','Login','User logged in',NULL,NULL,'02:22:28','2025-10-16'),(620,1,'admin','Login','User logged in',NULL,NULL,'02:24:22','2025-10-16'),(621,1,'admin','Login','User logged in',NULL,NULL,'02:30:04','2025-10-16'),(622,1,'admin','Login','User logged in',NULL,NULL,'02:36:44','2025-10-16'),(623,1,'admin','Update Product','Updated product: sample 1',NULL,NULL,'02:37:32','2025-10-16'),(624,1,'admin','Login','User logged in',NULL,NULL,'02:42:36','2025-10-16'),(625,1,'admin','Login','User logged in',NULL,NULL,'02:46:46','2025-10-16'),(626,1,'admin','Login','User logged in',NULL,NULL,'02:50:23','2025-10-16'),(627,1,'admin','Login','User logged in',NULL,NULL,'02:54:22','2025-10-16'),(628,1,'admin','Login','User logged in',NULL,NULL,'02:58:36','2025-10-16'),(629,1,'admin','Login','User logged in',NULL,NULL,'03:01:15','2025-10-16'),(630,1,'admin','Login','User logged in',NULL,NULL,'03:04:20','2025-10-16'),(631,1,'admin','Login','User logged in',NULL,NULL,'03:09:36','2025-10-16'),(632,1,'admin','Login','User logged in',NULL,NULL,'03:14:13','2025-10-16'),(633,1,'admin','Login','User logged in',NULL,NULL,'03:16:17','2025-10-16'),(634,1,'admin','Login','User logged in',NULL,NULL,'03:18:02','2025-10-16'),(635,1,'admin','Login','User logged in',NULL,NULL,'03:22:13','2025-10-16'),(636,1,'admin','Place Order','Placed a new order with Order ID: 2 and Total Amount: 500',NULL,NULL,'03:23:23','2025-10-16'),(637,1,'admin','Place Order','Placed a new order with Order ID: 3 and Total Amount: 300',NULL,NULL,'03:24:28','2025-10-16'),(638,1,'admin','Place Order','Placed a new order with Order ID: 4 and Total Amount: 1000',NULL,NULL,'03:25:47','2025-10-16'),(639,1,'admin','Place Order','Placed a new order with Order ID: 5 and Total Amount: 1000',NULL,NULL,'03:26:01','2025-10-16'),(640,1,'admin','Update Product','Updated product: sample 1',NULL,NULL,'03:28:49','2025-10-16'),(641,3,'opto','Login','User logged in',NULL,NULL,'03:29:57','2025-10-16'),(642,2,'recep','Login','User logged in',NULL,NULL,'03:33:55','2025-10-16'),(643,1,'admin','Login','User logged in',NULL,NULL,'03:34:53','2025-10-16'),(644,1,'admin','Login','User logged in',NULL,NULL,'03:37:28','2025-10-16'),(645,1,'admin','Login','User logged in',NULL,NULL,'03:47:05','2025-10-16'),(646,1,'admin','Login','User logged in',NULL,NULL,'03:51:52','2025-10-16'),(647,1,'admin','Login','User logged in',NULL,NULL,'03:55:35','2025-10-16'),(648,1,'admin','Login','User logged in',NULL,NULL,'03:58:10','2025-10-16'),(649,1,'admin','Login','User logged in',NULL,NULL,'04:05:10','2025-10-16'),(650,1,'admin','Login','User logged in',NULL,NULL,'04:08:08','2025-10-16'),(651,1,'admin','Login','User logged in',NULL,NULL,'04:11:17','2025-10-16'),(652,1,'admin','Login','User logged in',NULL,NULL,'04:15:28','2025-10-16'),(653,1,'admin','Login','User logged in',NULL,NULL,'04:15:54','2025-10-16'),(654,1,'admin','Login','User logged in',NULL,NULL,'04:19:11','2025-10-16'),(655,1,'admin','Login','User logged in',NULL,NULL,'04:25:48','2025-10-16'),(656,1,'admin','Login','User logged in',NULL,NULL,'04:32:50','2025-10-16'),(657,1,'admin','Login','User logged in',NULL,NULL,'04:38:26','2025-10-16'),(658,1,'admin','Login','User logged in',NULL,NULL,'04:43:03','2025-10-16'),(659,1,'admin','Login','User logged in',NULL,NULL,'04:50:49','2025-10-16'),(660,1,'admin','Place Order','Placed a new order with Order ID: 6 and Total Amount: 750',NULL,NULL,'04:51:05','2025-10-16'),(661,1,'admin','Place Order','Placed a new order with Order ID: 7 and Total Amount: 150',NULL,NULL,'04:51:46','2025-10-16'),(662,1,'admin','Login','User logged in',NULL,NULL,'01:21:13','2025-10-17'),(663,1,'admin','Place Order','Placed a new order with Order ID: 8 and Total Amount: 1000',NULL,NULL,'01:26:08','2025-10-17'),(664,1,'admin','Login','User logged in',NULL,NULL,'01:39:19','2025-10-17'),(665,1,'admin','Place Order','Placed a new order with Order ID: 9 and Total Amount: 400',NULL,NULL,'01:39:36','2025-10-17'),(666,1,'admin','Login','User logged in',NULL,NULL,'01:45:19','2025-10-17'),(667,1,'admin','Place Order','Placed a new order with Order ID: 10 and Total Amount: 100',NULL,NULL,'01:45:33','2025-10-17'),(668,1,'admin','Login','User logged in',NULL,NULL,'02:13:50','2025-10-17'),(669,1,'admin','Place Order','Placed a new order with Order ID: 11 and Total Amount: 300',NULL,NULL,'02:14:09','2025-10-17'),(670,1,'admin','Login','User logged in',NULL,NULL,'02:15:02','2025-10-17'),(671,1,'admin','Place Order','Placed a new order with Order ID: 12 and Total Amount: 400',NULL,NULL,'02:15:14','2025-10-17'),(672,1,'admin','Login','User logged in',NULL,NULL,'02:16:18','2025-10-17'),(673,1,'admin','Place Order','Placed a new order with Order ID: 13 and Total Amount: 100',NULL,NULL,'02:16:30','2025-10-17'),(674,1,'admin','Login','User logged in',NULL,NULL,'02:17:09','2025-10-17'),(675,1,'admin','Place Order','Placed a new order with Order ID: 14 and Total Amount: 100',NULL,NULL,'02:17:24','2025-10-17'),(676,1,'admin','Login','User logged in',NULL,NULL,'02:20:23','2025-10-17'),(677,1,'admin','Place Order','Placed a new order with Order ID: 15 and Total Amount: 100',NULL,NULL,'02:20:35','2025-10-17'),(678,1,'admin','Login','User logged in',NULL,NULL,'02:22:57','2025-10-17'),(679,1,'admin','Place Order','Placed a new order with Order ID: 16 and Total Amount: 200',NULL,NULL,'02:23:10','2025-10-17'),(680,1,'admin','Login','User logged in',NULL,NULL,'02:24:50','2025-10-17'),(681,1,'admin','Place Order','Placed a new order with Order ID: 17 and Total Amount: 100',NULL,NULL,'02:25:03','2025-10-17'),(682,1,'admin','Login','User logged in',NULL,NULL,'02:30:39','2025-10-17'),(683,1,'admin','Place Order','Placed a new order with Order ID: 18 and Total Amount: 100',NULL,NULL,'02:30:51','2025-10-17'),(684,1,'admin','Login','User logged in',NULL,NULL,'02:33:18','2025-10-17'),(685,1,'admin','Place Order','Placed a new order with Order ID: 19 and Total Amount: 100',NULL,NULL,'02:33:30','2025-10-17'),(686,1,'admin','Login','User logged in',NULL,NULL,'02:34:31','2025-10-17'),(687,1,'admin','Place Order','Placed a new order with Order ID: 20 and Total Amount: 100',NULL,NULL,'02:34:41','2025-10-17'),(688,1,'admin','Login','User logged in',NULL,NULL,'02:35:25','2025-10-17'),(689,1,'admin','Place Order','Placed a new order with Order ID: 21 and Total Amount: 100',NULL,NULL,'02:35:39','2025-10-17'),(690,1,'admin','Login','User logged in',NULL,NULL,'02:38:48','2025-10-17'),(691,1,'admin','Place Order','Placed a new order with Order ID: 22 and Total Amount: 400',NULL,NULL,'02:39:12','2025-10-17'),(692,1,'admin','Login','User logged in',NULL,NULL,'02:42:46','2025-10-17'),(693,1,'admin','Place Order','Placed a new order with Order ID: 23 and Total Amount: 100',NULL,NULL,'02:43:00','2025-10-17'),(694,1,'admin','Login','User logged in',NULL,NULL,'02:44:02','2025-10-17'),(695,1,'admin','Login','User logged in',NULL,NULL,'02:45:14','2025-10-17'),(696,1,'admin','Login','User logged in',NULL,NULL,'02:45:49','2025-10-17'),(697,1,'admin','Place Order','Placed a new order with Order ID: 24 and Total Amount: 100',NULL,NULL,'02:46:39','2025-10-17'),(698,1,'admin','Login','User logged in',NULL,NULL,'02:48:17','2025-10-17'),(699,1,'admin','Login','User logged in',NULL,NULL,'02:49:48','2025-10-17'),(700,1,'admin','Login','User logged in',NULL,NULL,'03:01:04','2025-10-17'),(701,1,'admin','Login','User logged in',NULL,NULL,'03:08:57','2025-10-17'),(702,1,'admin','Login','User logged in',NULL,NULL,'03:21:48','2025-10-17'),(703,1,'admin','Login','User logged in',NULL,NULL,'03:22:28','2025-10-17'),(704,1,'admin','Login','User logged in',NULL,NULL,'03:23:47','2025-10-17'),(705,1,'admin','Login','User logged in',NULL,NULL,'03:24:39','2025-10-17'),(706,1,'admin','Login','User logged in',NULL,NULL,'03:25:04','2025-10-17'),(707,1,'admin','Login','User logged in',NULL,NULL,'03:25:34','2025-10-17'),(708,1,'admin','Login','User logged in',NULL,NULL,'03:26:21','2025-10-17'),(709,1,'admin','Login','User logged in',NULL,NULL,'03:26:39','2025-10-17'),(710,1,'admin','Login','User logged in',NULL,NULL,'03:30:29','2025-10-17'),(711,1,'admin','Login','User logged in',NULL,NULL,'03:36:21','2025-10-17'),(712,1,'admin','Login','User logged in',NULL,NULL,'03:46:00','2025-10-17'),(713,1,'admin','Login','User logged in',NULL,NULL,'03:47:06','2025-10-17'),(714,1,'admin','Place Order','Placed a new order with Order ID: 25 and Total Amount: 100',NULL,NULL,'03:47:35','2025-10-17'),(715,1,'admin','Login','User logged in',NULL,NULL,'03:49:12','2025-10-17'),(716,1,'admin','Login','User logged in',NULL,NULL,'03:52:21','2025-10-17'),(717,1,'admin','Login','User logged in',NULL,NULL,'03:52:56','2025-10-17'),(718,1,'admin','Login','User logged in',NULL,NULL,'03:53:19','2025-10-17'),(719,1,'admin','Login','User logged in',NULL,NULL,'04:00:38','2025-10-17'),(720,1,'admin','Login','User logged in',NULL,NULL,'14:02:06','2025-10-17'),(721,1,'admin','Login','User logged in',NULL,NULL,'14:04:54','2025-10-17'),(722,1,'admin','Login','User logged in',NULL,NULL,'14:05:58','2025-10-17'),(723,1,'admin','Login','User logged in',NULL,NULL,'14:13:44','2025-10-17'),(724,1,'admin','Login','User logged in',NULL,NULL,'14:21:05','2025-10-17'),(725,1,'admin','Login','User logged in',NULL,NULL,'14:22:21','2025-10-17'),(726,1,'admin','Login','User logged in',NULL,NULL,'14:23:03','2025-10-17'),(727,1,'admin','Login','User logged in',NULL,NULL,'14:23:57','2025-10-17'),(728,1,'admin','Login','User logged in',NULL,NULL,'14:27:35','2025-10-17'),(729,1,'admin','Login','User logged in',NULL,NULL,'14:28:54','2025-10-17'),(730,1,'admin','Insert','Added new transaction for Joshua  Mosrales with total of 850.00 and paid ?850','tbl_transactionstbl_transaction_items',1,'14:36:36','2025-10-17'),(731,1,'admin','Login','User logged in',NULL,NULL,'14:38:29','2025-10-17'),(732,1,'admin','Login','User logged in',NULL,NULL,'14:39:11','2025-10-17'),(733,1,'admin','Login','User logged in',NULL,NULL,'14:39:45','2025-10-17'),(734,1,'admin','Login','User logged in',NULL,NULL,'14:40:39','2025-10-17'),(735,1,'admin','Login','User logged in',NULL,NULL,'14:50:57','2025-10-17'),(736,1,'admin','Login','User logged in',NULL,NULL,'14:51:40','2025-10-17'),(737,1,'admin','Login','User logged in',NULL,NULL,'14:52:31','2025-10-17'),(738,1,'admin','Login','User logged in',NULL,NULL,'14:53:18','2025-10-17'),(739,1,'admin','Login','User logged in',NULL,NULL,'14:54:04','2025-10-17'),(740,1,'admin','Login','User logged in',NULL,NULL,'14:54:53','2025-10-17'),(741,1,'admin','Login','User logged in',NULL,NULL,'14:55:16','2025-10-17'),(742,1,'admin','Login','User logged in',NULL,NULL,'14:55:35','2025-10-17'),(743,1,'admin','Login','User logged in',NULL,NULL,'14:55:57','2025-10-17'),(744,1,'admin','Login','User logged in',NULL,NULL,'14:56:25','2025-10-17'),(745,1,'admin','Login','User logged in',NULL,NULL,'14:57:08','2025-10-17'),(746,1,'admin','Login','User logged in',NULL,NULL,'14:57:32','2025-10-17'),(747,1,'admin','Login','User logged in',NULL,NULL,'14:57:46','2025-10-17'),(748,1,'admin','Login','User logged in',NULL,NULL,'14:58:10','2025-10-17'),(749,1,'admin','Login','User logged in',NULL,NULL,'14:58:39','2025-10-17'),(750,1,'admin','Login','User logged in',NULL,NULL,'14:59:02','2025-10-17'),(751,1,'admin','Login','User logged in',NULL,NULL,'14:59:24','2025-10-17'),(752,1,'admin','Login','User logged in',NULL,NULL,'15:00:00','2025-10-17'),(753,1,'admin','Login','User logged in',NULL,NULL,'15:00:54','2025-10-17'),(754,1,'admin','Login','User logged in',NULL,NULL,'15:03:38','2025-10-17'),(755,1,'admin','Login','User logged in',NULL,NULL,'15:04:54','2025-10-17'),(756,1,'admin','Login','User logged in',NULL,NULL,'15:11:21','2025-10-17'),(757,1,'admin','Login','User logged in',NULL,NULL,'15:12:12','2025-10-17'),(758,1,'admin','Login','User logged in',NULL,NULL,'15:14:07','2025-10-17'),(759,1,'admin','Login','User logged in',NULL,NULL,'15:14:27','2025-10-17'),(760,1,'admin','Login','User logged in',NULL,NULL,'15:15:53','2025-10-17'),(761,1,'admin','Login','User logged in',NULL,NULL,'15:16:10','2025-10-17'),(762,1,'admin','Login','User logged in',NULL,NULL,'15:16:31','2025-10-17'),(763,1,'admin','Login','User logged in',NULL,NULL,'15:18:29','2025-10-17'),(764,1,'admin','Login','User logged in',NULL,NULL,'15:19:04','2025-10-17'),(765,1,'admin','Login','User logged in',NULL,NULL,'15:21:07','2025-10-17'),(766,1,'admin','Login','User logged in',NULL,NULL,'15:21:51','2025-10-17'),(767,1,'admin','Login','User logged in',NULL,NULL,'15:22:28','2025-10-17'),(768,1,'admin','Login','User logged in',NULL,NULL,'15:22:42','2025-10-17'),(769,1,'admin','Login','User logged in',NULL,NULL,'15:24:41','2025-10-17'),(770,1,'admin','Login','User logged in',NULL,NULL,'15:25:22','2025-10-17'),(771,1,'admin','Login','User logged in',NULL,NULL,'15:25:54','2025-10-17'),(772,1,'admin','Login','User logged in',NULL,NULL,'15:26:37','2025-10-17'),(773,1,'admin','Login','User logged in',NULL,NULL,'15:27:53','2025-10-17'),(774,1,'admin','Login','User logged in',NULL,NULL,'15:28:44','2025-10-17'),(775,1,'admin','Login','User logged in',NULL,NULL,'15:35:29','2025-10-17'),(776,1,'admin','Login','User logged in',NULL,NULL,'15:35:57','2025-10-17'),(777,1,'admin','Login','User logged in',NULL,NULL,'15:39:14','2025-10-17'),(778,1,'admin','Login','User logged in',NULL,NULL,'15:39:51','2025-10-17'),(779,1,'admin','Login','User logged in',NULL,NULL,'21:54:50','2025-10-17'),(780,1,'admin','Login','User logged in',NULL,NULL,'21:56:06','2025-10-17'),(781,1,'admin','Login','User logged in',NULL,NULL,'21:59:57','2025-10-17'),(782,1,'admin','Login','User logged in',NULL,NULL,'22:00:52','2025-10-17'),(783,1,'admin','Login','User logged in',NULL,NULL,'22:01:44','2025-10-17'),(784,1,'admin','Login','User logged in',NULL,NULL,'22:02:12','2025-10-17'),(785,1,'admin','Login','User logged in',NULL,NULL,'22:02:34','2025-10-17'),(786,1,'admin','Login','User logged in',NULL,NULL,'22:03:07','2025-10-17'),(787,1,'admin','Login','User logged in',NULL,NULL,'22:03:33','2025-10-17'),(788,1,'admin','Login','User logged in',NULL,NULL,'22:04:15','2025-10-17'),(789,1,'admin','Login','User logged in',NULL,NULL,'22:04:42','2025-10-17'),(790,1,'admin','Login','User logged in',NULL,NULL,'22:05:26','2025-10-17'),(791,1,'admin','Login','User logged in',NULL,NULL,'22:06:13','2025-10-17'),(792,1,'admin','Login','User logged in',NULL,NULL,'22:07:32','2025-10-17'),(793,1,'admin','Login','User logged in',NULL,NULL,'22:09:59','2025-10-17'),(794,1,'admin','Login','User logged in',NULL,NULL,'22:10:29','2025-10-17'),(795,1,'admin','Login','User logged in',NULL,NULL,'22:11:52','2025-10-17'),(796,1,'admin','Login','User logged in',NULL,NULL,'22:12:50','2025-10-17'),(797,1,'admin','Login','User logged in',NULL,NULL,'22:13:46','2025-10-17'),(798,1,'admin','Login','User logged in',NULL,NULL,'22:14:19','2025-10-17'),(799,1,'admin','Login','User logged in',NULL,NULL,'22:14:48','2025-10-17'),(800,1,'admin','Login','User logged in',NULL,NULL,'22:15:35','2025-10-17'),(801,1,'admin','Login','User logged in',NULL,NULL,'22:16:13','2025-10-17'),(802,1,'admin','Login','User logged in',NULL,NULL,'22:17:44','2025-10-17'),(803,1,'admin','Login','User logged in',NULL,NULL,'22:21:13','2025-10-17'),(804,1,'admin','Login','User logged in',NULL,NULL,'22:24:18','2025-10-17'),(805,1,'admin','Login','User logged in',NULL,NULL,'22:25:23','2025-10-17'),(806,1,'admin','Login','User logged in',NULL,NULL,'22:25:53','2025-10-17'),(807,1,'admin','Login','User logged in',NULL,NULL,'22:29:09','2025-10-17'),(808,1,'admin','Login','User logged in',NULL,NULL,'22:35:42','2025-10-17'),(809,1,'admin','Login','User logged in',NULL,NULL,'22:41:00','2025-10-17'),(810,1,'admin','Login','User logged in',NULL,NULL,'22:42:10','2025-10-17'),(811,1,'admin','Login','User logged in',NULL,NULL,'22:46:02','2025-10-17'),(812,1,'admin','Login','User logged in',NULL,NULL,'22:53:34','2025-10-17'),(813,1,'admin','Login','User logged in',NULL,NULL,'22:57:58','2025-10-17'),(814,1,'admin','Login','User logged in',NULL,NULL,'23:01:13','2025-10-17'),(815,1,'admin','Login','User logged in',NULL,NULL,'23:04:30','2025-10-17'),(816,1,'admin','Login','User logged in',NULL,NULL,'23:04:58','2025-10-17'),(817,1,'admin','Login','User logged in',NULL,NULL,'23:07:56','2025-10-17'),(818,1,'admin','Login','User logged in',NULL,NULL,'23:08:55','2025-10-17'),(819,1,'admin','Login','User logged in',NULL,NULL,'23:10:04','2025-10-17'),(820,1,'admin','Login','User logged in',NULL,NULL,'23:10:56','2025-10-17'),(821,1,'admin','Login','User logged in',NULL,NULL,'00:24:37','2025-10-18'),(822,1,'admin','Login','User logged in',NULL,NULL,'00:24:56','2025-10-18'),(823,1,'admin','Login','User logged in',NULL,NULL,'00:25:27','2025-10-18'),(824,1,'admin','Login','User logged in',NULL,NULL,'00:27:10','2025-10-18'),(825,1,'admin','Login','User logged in',NULL,NULL,'00:27:40','2025-10-18'),(826,1,'admin','Login','User logged in',NULL,NULL,'00:28:02','2025-10-18'),(827,1,'admin','Login','User logged in',NULL,NULL,'00:29:43','2025-10-18'),(828,1,'admin','Login','User logged in',NULL,NULL,'00:30:47','2025-10-18'),(829,1,'admin','Login','User logged in',NULL,NULL,'00:32:19','2025-10-18'),(830,1,'admin','Login','User logged in',NULL,NULL,'00:33:59','2025-10-18'),(831,1,'admin','Login','User logged in',NULL,NULL,'00:35:48','2025-10-18'),(832,1,'admin','Login','User logged in',NULL,NULL,'00:36:32','2025-10-18'),(833,1,'admin','Login','User logged in',NULL,NULL,'00:37:42','2025-10-18'),(834,1,'admin','Login','User logged in',NULL,NULL,'00:40:25','2025-10-18'),(835,1,'admin','Login','User logged in',NULL,NULL,'00:41:01','2025-10-18'),(836,1,'admin','Login','User logged in',NULL,NULL,'00:41:15','2025-10-18'),(837,1,'admin','Login','User logged in',NULL,NULL,'00:44:30','2025-10-18'),(838,1,'admin','Login','User logged in',NULL,NULL,'00:46:19','2025-10-18'),(839,1,'admin','Login','User logged in',NULL,NULL,'00:55:24','2025-10-18'),(840,1,'admin','Login','User logged in',NULL,NULL,'00:56:37','2025-10-18'),(841,1,'admin','Login','User logged in',NULL,NULL,'00:58:15','2025-10-18'),(842,1,'admin','Login','User logged in',NULL,NULL,'00:59:01','2025-10-18'),(843,1,'admin','Login','User logged in',NULL,NULL,'01:05:17','2025-10-18'),(844,1,'admin','Login','User logged in',NULL,NULL,'01:13:21','2025-10-18'),(845,1,'admin','Login','User logged in',NULL,NULL,'01:14:05','2025-10-18'),(846,1,'admin','Login','User logged in',NULL,NULL,'01:14:38','2025-10-18'),(847,1,'admin','Login','User logged in',NULL,NULL,'01:15:33','2025-10-18'),(848,1,'admin','Login','User logged in',NULL,NULL,'01:17:29','2025-10-18'),(849,1,'admin','Login','User logged in',NULL,NULL,'01:19:00','2025-10-18'),(850,1,'admin','Login','User logged in',NULL,NULL,'01:20:43','2025-10-18'),(851,1,'admin','Login','User logged in',NULL,NULL,'01:21:38','2025-10-18'),(852,1,'admin','Login','User logged in',NULL,NULL,'01:21:57','2025-10-18'),(853,1,'admin','Login','User logged in',NULL,NULL,'01:22:17','2025-10-18'),(854,1,'admin','Login','User logged in',NULL,NULL,'01:22:32','2025-10-18'),(855,1,'admin','Login','User logged in',NULL,NULL,'01:23:08','2025-10-18'),(856,1,'admin','Login','User logged in',NULL,NULL,'01:23:25','2025-10-18'),(857,1,'admin','Login','User logged in',NULL,NULL,'01:33:09','2025-10-18'),(858,1,'admin','Login','User logged in',NULL,NULL,'01:33:58','2025-10-18'),(859,1,'admin','Login','User logged in',NULL,NULL,'01:35:17','2025-10-18'),(860,1,'admin','Login','User logged in',NULL,NULL,'01:37:02','2025-10-18'),(861,1,'admin','Login','User logged in',NULL,NULL,'01:37:32','2025-10-18'),(862,1,'admin','Login','User logged in',NULL,NULL,'01:39:07','2025-10-18'),(863,1,'admin','Login','User logged in',NULL,NULL,'01:40:06','2025-10-18'),(864,1,'admin','Login','User logged in',NULL,NULL,'01:52:09','2025-10-18'),(865,1,'admin','Login','User logged in',NULL,NULL,'01:54:05','2025-10-18'),(866,1,'admin','Login','User logged in',NULL,NULL,'01:55:06','2025-10-18'),(867,1,'admin','Login','User logged in',NULL,NULL,'01:56:18','2025-10-18'),(868,1,'admin','Login','User logged in',NULL,NULL,'02:03:31','2025-10-18'),(869,1,'admin','Login','User logged in',NULL,NULL,'02:05:15','2025-10-18'),(870,1,'admin','Login','User logged in',NULL,NULL,'02:16:58','2025-10-18'),(871,1,'admin','Login','User logged in',NULL,NULL,'02:19:59','2025-10-18'),(872,1,'admin','Login','User logged in',NULL,NULL,'02:21:51','2025-10-18'),(873,1,'admin','Login','User logged in',NULL,NULL,'02:22:20','2025-10-18'),(874,1,'admin','Login','User logged in',NULL,NULL,'02:23:57','2025-10-18'),(875,1,'admin','Login','User logged in',NULL,NULL,'02:24:25','2025-10-18'),(876,1,'admin','Login','User logged in',NULL,NULL,'02:29:01','2025-10-18'),(877,1,'admin','Login','User logged in',NULL,NULL,'02:29:38','2025-10-18'),(878,1,'admin','Login','User logged in',NULL,NULL,'02:32:08','2025-10-18'),(879,1,'admin','Login','User logged in',NULL,NULL,'02:33:13','2025-10-18'),(880,1,'admin','Login','User logged in',NULL,NULL,'02:34:17','2025-10-18'),(881,1,'admin','Login','User logged in',NULL,NULL,'02:36:50','2025-10-18'),(882,1,'admin','Login','User logged in',NULL,NULL,'02:38:07','2025-10-18'),(883,1,'admin','Login','User logged in',NULL,NULL,'02:41:21','2025-10-18'),(884,1,'admin','Login','User logged in',NULL,NULL,'02:47:53','2025-10-18'),(885,1,'admin','Login','User logged in',NULL,NULL,'02:48:46','2025-10-18'),(886,1,'admin','Login','User logged in',NULL,NULL,'04:01:30','2025-10-18'),(887,1,'admin','Login','User logged in',NULL,NULL,'04:21:38','2025-10-18'),(888,1,'admin','Login','User logged in',NULL,NULL,'04:25:09','2025-10-18'),(889,1,'admin','Login','User logged in',NULL,NULL,'12:09:57','2025-10-18'),(890,1,'admin','Login','User logged in',NULL,NULL,'12:14:17','2025-10-18'),(891,1,'admin','Update Product','Updated product: sample 2',NULL,NULL,'12:15:32','2025-10-18'),(892,1,'admin','Login','User logged in',NULL,NULL,'12:20:12','2025-10-18'),(893,1,'admin','Login','User logged in',NULL,NULL,'12:22:22','2025-10-18'),(894,1,'admin','Login','User logged in',NULL,NULL,'12:25:16','2025-10-18'),(895,1,'admin','Login','User logged in',NULL,NULL,'12:29:08','2025-10-18'),(896,1,'admin','Login','User logged in',NULL,NULL,'12:31:00','2025-10-18'),(897,1,'admin','Login','User logged in',NULL,NULL,'12:43:23','2025-10-18'),(898,1,'admin','Place Order','Placed a new order with Order ID: 28 and Total Amount: 800',NULL,NULL,'12:43:56','2025-10-18'),(899,1,'admin','Place Order','Placed a new order with Order ID: 29 and Total Amount: 900',NULL,NULL,'12:45:23','2025-10-18'),(900,1,'admin','Login','User logged in',NULL,NULL,'12:52:14','2025-10-18'),(901,1,'admin','Login','User logged in',NULL,NULL,'13:03:25','2025-10-18'),(902,1,'admin','Login','User logged in',NULL,NULL,'13:04:29','2025-10-18'),(903,1,'admin','Login','User logged in',NULL,NULL,'13:06:31','2025-10-18'),(904,1,'admin','Place Order','Placed a new order with Order ID: 30 and Total Amount: 900',NULL,NULL,'13:06:58','2025-10-18'),(905,1,'admin','Login','User logged in',NULL,NULL,'13:11:41','2025-10-18'),(906,1,'admin','Insert','Added new patient: brian bestudio','patient_data',8,'13:18:47','2025-10-18'),(907,1,'admin','Insert','Added checkup record for Brian Bestudio','tbl_checkup',26,'13:25:07','2025-10-18'),(908,1,'admin','Insert','Added new transaction for Brian  Bestudio with total of 300.00 and paid ?300','tbl_transactionstbl_transaction_items',8,'13:25:07','2025-10-18'),(909,1,'admin','Insert','Added checkup record for Brian Bestudio','tbl_checkup',27,'13:25:49','2025-10-18'),(910,1,'admin','Insert','Added new transaction for Brian  Bestudio with total of 300.00 and paid ?200','tbl_transactionstbl_transaction_items',8,'13:25:50','2025-10-18'),(911,1,'admin','Insert','Created appointment for patientID 8 with doctor Juan Delacruz','tbl_appointments',8,'13:26:57','2025-10-18'),(912,1,'admin','Insert','Created appointment for patientID 8 with doctor Maria Clara','tbl_appointments',8,'13:27:51','2025-10-18'),(913,1,'admin','Update','Updated transaction for Brian  Bestudio with total of 750.00 and paid400','tbl_transactionstbl_transaction_items',8,'13:34:08','2025-10-18'),(914,1,'admin','Settle','Settled payment of ?100.00 for patient: Brian Bestudio. Remaining balance: ?250.00','tbl_transactions, tbl_transaction_items',48,'13:34:28','2025-10-18'),(915,1,'admin','Settle','Settled payment of ?250.00 for patient: Brian Bestudio. Remaining balance: ?0.00','tbl_transactions, tbl_transaction_items',48,'13:34:55','2025-10-18'),(916,1,'admin','Add Supplier','Added supplier: EO Optical',NULL,NULL,'13:35:53','2025-10-18'),(917,1,'admin','Place Order','Placed a new order with Order ID: 31 and Total Amount: 10000',NULL,NULL,'13:42:56','2025-10-18'),(918,1,'admin','Cancel Order','Order ID 31: Order partially completed - remaining items cancelled',NULL,NULL,'13:45:30','2025-10-18'),(919,1,'admin','Update Product','Updated product: sample item 1',NULL,NULL,'13:47:40','2025-10-18'),(920,1,'admin','Insert','Added new doctor named erin N/A daquiuag','tbl_doctor',4,'13:49:43','2025-10-18'),(921,1,'admin','Insert','Added new transaction for Brian  Bestudio with total of 529.50 and paid ?500','tbl_transactionstbl_transaction_items',8,'13:55:27','2025-10-18'),(922,1,'admin','Login','User logged in',NULL,NULL,'14:38:09','2025-10-18'),(923,1,'admin','Login','User logged in',NULL,NULL,'15:22:25','2025-10-18'),(924,1,'admin','Login','User logged in',NULL,NULL,'15:32:29','2025-10-18'),(925,1,'admin','Login','User logged in',NULL,NULL,'15:34:28','2025-10-18'),(926,1,'admin','Login','User logged in',NULL,NULL,'15:39:34','2025-10-18'),(927,1,'admin','Login','User logged in',NULL,NULL,'15:44:31','2025-10-18'),(928,1,'admin','Place Order','Placed a new order with Order ID: 32 and Total Amount: 1250',NULL,NULL,'15:45:07','2025-10-18'),(929,1,'admin','Login','User logged in',NULL,NULL,'15:49:50','2025-10-18'),(930,1,'admin','Login','User logged in',NULL,NULL,'16:41:58','2025-10-18'),(931,1,'admin','Update Product','Updated product: sample 2',NULL,NULL,'16:55:48','2025-10-18'),(932,1,'admin','Login','User logged in',NULL,NULL,'17:00:38','2025-10-18'),(933,1,'admin','Login','User logged in',NULL,NULL,'17:07:03','2025-10-18'),(934,1,'admin','Login','User logged in',NULL,NULL,'17:15:42','2025-10-18'),(935,1,'admin','Login','User logged in',NULL,NULL,'17:29:43','2025-10-18'),(936,1,'admin','Login','User logged in',NULL,NULL,'17:30:45','2025-10-18'),(937,1,'admin','Login','User logged in',NULL,NULL,'17:31:52','2025-10-18'),(938,1,'admin','Login','User logged in',NULL,NULL,'17:32:16','2025-10-18'),(939,1,'admin','Login','User logged in',NULL,NULL,'17:36:13','2025-10-18'),(940,1,'admin','Login','User logged in',NULL,NULL,'17:37:11','2025-10-18'),(941,1,'admin','Login','User logged in',NULL,NULL,'17:37:44','2025-10-18'),(942,1,'admin','Login','User logged in',NULL,NULL,'17:39:02','2025-10-18'),(943,1,'admin','Login','User logged in',NULL,NULL,'17:41:11','2025-10-18'),(944,1,'admin','Login','User logged in',NULL,NULL,'17:42:01','2025-10-18'),(945,1,'admin','Login','User logged in',NULL,NULL,'17:42:45','2025-10-18'),(946,1,'admin','Login','User logged in',NULL,NULL,'17:46:10','2025-10-18'),(947,1,'admin','Login','User logged in',NULL,NULL,'18:05:22','2025-10-18'),(948,1,'admin','Login','User logged in',NULL,NULL,'18:12:29','2025-10-18'),(949,1,'admin','Login','User logged in',NULL,NULL,'18:13:32','2025-10-18'),(950,1,'admin','Login','User logged in',NULL,NULL,'18:22:32','2025-10-18'),(951,1,'admin','Login','User logged in',NULL,NULL,'18:23:55','2025-10-18'),(952,1,'admin','Login','User logged in',NULL,NULL,'18:32:39','2025-10-18'),(953,1,'admin','Login','User logged in',NULL,NULL,'18:34:29','2025-10-18'),(954,1,'admin','Login','User logged in',NULL,NULL,'18:35:15','2025-10-18'),(955,1,'admin','Login','User logged in',NULL,NULL,'18:36:01','2025-10-18'),(956,1,'admin','Login','User logged in',NULL,NULL,'18:38:16','2025-10-18'),(957,1,'admin','Login','User logged in',NULL,NULL,'18:40:46','2025-10-18'),(958,1,'admin','Login','User logged in',NULL,NULL,'19:07:37','2025-10-18'),(959,1,'admin','Login','User logged in',NULL,NULL,'19:18:16','2025-10-18'),(960,1,'admin','Login','User logged in',NULL,NULL,'19:19:11','2025-10-18'),(961,1,'admin','Login','User logged in',NULL,NULL,'19:20:54','2025-10-18'),(962,1,'admin','Login','User logged in',NULL,NULL,'19:22:00','2025-10-18'),(963,1,'admin','Login','User logged in',NULL,NULL,'19:24:38','2025-10-18'),(964,1,'admin','Login','User logged in',NULL,NULL,'19:30:38','2025-10-18'),(965,1,'admin','Login','User logged in',NULL,NULL,'19:34:39','2025-10-18'),(966,1,'admin','Login','User logged in',NULL,NULL,'19:41:34','2025-10-18'),(967,1,'admin','Login','User logged in',NULL,NULL,'19:42:22','2025-10-18'),(968,1,'admin','Insert','Added checkup record for Joshua Mosrales','tbl_checkup',28,'19:42:42','2025-10-18'),(969,1,'admin','Insert','Added new transaction for Joshua  Mosrales with total of 300.00 and paid ?300','tbl_transactionstbl_transaction_items',1,'19:42:42','2025-10-18'),(970,1,'admin','Settle','Settled payment of ?29.50 for patient: Brian Bestudio. Remaining balance: ?0.00','tbl_transactions, tbl_transaction_items',49,'19:43:16','2025-10-18'),(971,1,'admin','Insert','Added new transaction for Angelo Royce  Morales with total of 320.00 and paid ?300','tbl_transactionstbl_transaction_items',2,'19:44:05','2025-10-18'),(972,1,'admin','Login','User logged in',NULL,NULL,'19:46:31','2025-10-18'),(973,1,'admin','Insert','Added new transaction for Boss Dogs Sarap with total of 300.00 and paid ?300','tbl_transactionstbl_transaction_items',7,'19:46:50','2025-10-18'),(974,1,'admin','Login','User logged in',NULL,NULL,'19:49:43','2025-10-18'),(975,1,'admin','Insert','Created appointment for patientID 5 with doctor Erin Daquiuag','tbl_appointments',5,'19:49:53','2025-10-18'),(976,1,'admin','Login','User logged in',NULL,NULL,'19:53:32','2025-10-18'),(977,1,'admin','Insert','Created appointment for patientID 7 with doctor Erin Daquiuag','tbl_appointments',7,'19:53:49','2025-10-18'),(978,1,'admin','Login','User logged in',NULL,NULL,'19:56:43','2025-10-18'),(979,1,'admin','Insert','Added checkup record for Maria Josephine Delacruz','tbl_checkup',29,'19:57:23','2025-10-18'),(980,1,'admin','Insert','Added new transaction for Maria Josephine  Delacruz with total of 300.00 and paid ?300.00','tbl_transactionstbl_transaction_items',4,'19:57:23','2025-10-18'),(981,1,'admin','Insert','Created appointment for patientID 4 with doctor Erin Daquiuag','tbl_appointments',4,'19:57:28','2025-10-18'),(982,1,'admin','Place Order','Placed a new order with Order ID: 33 and Total Amount: 800',NULL,NULL,'19:59:04','2025-10-18'),(983,1,'admin','Login','User logged in',NULL,NULL,'20:02:51','2025-10-18'),(984,1,'admin','Login','User logged in',NULL,NULL,'20:11:14','2025-10-18'),(985,1,'admin','Login','User logged in',NULL,NULL,'20:14:58','2025-10-18'),(986,1,'admin','Login','User logged in',NULL,NULL,'22:02:11','2025-10-18'),(987,1,'admin','Login','User logged in',NULL,NULL,'22:08:59','2025-10-18'),(988,1,'admin','Login','User logged in',NULL,NULL,'23:01:40','2025-10-18'),(989,1,'admin','Login','User logged in',NULL,NULL,'23:18:31','2025-10-18'),(990,1,'admin','Login','User logged in',NULL,NULL,'23:20:02','2025-10-18'),(991,1,'admin','Login','User logged in',NULL,NULL,'23:21:13','2025-10-18'),(992,1,'admin','Login','User logged in',NULL,NULL,'23:26:16','2025-10-18'),(993,1,'admin','Place Order','Placed a new order with Order ID: 34 and Total Amount: 500',NULL,NULL,'23:49:16','2025-10-18'),(994,1,'admin','Place Order','Placed a new order with Order ID: 35 and Total Amount: 1000',NULL,NULL,'23:57:03','2025-10-18'),(995,1,'admin','Place Order','Placed a new order with Order ID: 36 and Total Amount: 1000',NULL,NULL,'00:11:10','2025-10-19'),(996,1,'admin','Place Order','Placed a new order with Order ID: 37 and Total Amount: 750',NULL,NULL,'00:16:27','2025-10-19'),(997,1,'admin','Cancel Order','Order ID 37: Order partially completed - remaining items cancelled',NULL,NULL,'00:16:59','2025-10-19'),(998,1,'admin','Insert','Added new transaction for Brian  Bestudio with total of 850.00 and paid ?300','tbl_transactionstbl_transaction_items',8,'00:28:45','2025-10-19'),(999,1,'admin','Update Product','Updated product: sample 1',NULL,NULL,'00:29:22','2025-10-19'),(1000,1,'admin','Login','User logged in',NULL,NULL,'00:49:05','2025-10-19'),(1001,1,'admin','Add User','Added user: admin2',NULL,NULL,'00:55:35','2025-10-19'),(1002,1,'admin','Update Product','Updated product: sample 1',NULL,NULL,'01:00:03','2025-10-19'),(1003,1,'admin','Insert','Added new transaction for Brian  Bestudio with total of 767.50 and paid ?767.50','tbl_transactionstbl_transaction_items',8,'01:00:44','2025-10-19'),(1004,1,'admin','Update Product','Updated product: sample 1',NULL,NULL,'01:07:58','2025-10-19'),(1005,1,'admin','Login','User logged in',NULL,NULL,'01:11:37','2025-10-19'),(1006,1,'admin','Login','User logged in',NULL,NULL,'01:11:45','2025-10-19'),(1007,1,'admin','Login','User logged in',NULL,NULL,'01:11:53','2025-10-19'),(1008,2,'recep','Login','User logged in',NULL,NULL,'01:12:56','2025-10-19'),(1009,1,'admin','Login','User logged in',NULL,NULL,'01:13:17','2025-10-19'),(1010,2,'recep','Login','User logged in',NULL,NULL,'01:14:07','2025-10-19'),(1011,1,'admin','Login','User logged in',NULL,NULL,'01:14:16','2025-10-19'),(1012,1,'admin','Login','User logged in',NULL,NULL,'01:15:07','2025-10-19'),(1013,2,'recep','Login','User logged in',NULL,NULL,'01:15:17','2025-10-19'),(1014,1,'admin','Login','User logged in',NULL,NULL,'01:24:09','2025-10-19'),(1015,1,'admin','Login','User logged in',NULL,NULL,'01:26:44','2025-10-19'),(1016,1,'admin','Login','User logged in',NULL,NULL,'01:27:22','2025-10-19'),(1017,2,'recep','Login','User logged in',NULL,NULL,'01:38:56','2025-10-19'),(1018,2,'recep','Insert','Added new patient: joshua bestudio','patient_data',9,'01:42:02','2025-10-19'),(1019,2,'recep','Update Product','Updated product: Plastic Frame',NULL,NULL,'01:44:14','2025-10-19'),(1020,1,'admin','Login','User logged in',NULL,NULL,'01:45:17','2025-10-19'),(1021,1,'admin','Update Product','Updated product: Photochromic Lens',NULL,NULL,'01:46:00','2025-10-19'),(1022,1,'admin','Update Product','Updated product: Eye Solution',NULL,NULL,'01:46:41','2025-10-19'),(1023,1,'admin','Update Product','Updated product: Gucci',NULL,NULL,'01:47:13','2025-10-19'),(1024,1,'admin','Update Product','Updated product: Eye Solution',NULL,NULL,'01:48:16','2025-10-19'),(1025,1,'admin','Update','Updated patient record:\r\nFirst Name: Boss ? emman\r\nMiddle Name: Dogs ? N/A\r\nLast Name: Sarap ? pineda\r\nBirthday: 20/02/2003 ? 2003-02-20','patient_data',7,'01:49:23','2025-10-19'),(1026,1,'admin','Login','User logged in',NULL,NULL,'01:50:11','2025-10-19'),(1027,1,'admin','Login','User logged in',NULL,NULL,'01:50:28','2025-10-19'),(1028,1,'admin','Login','User logged in',NULL,NULL,'01:50:50','2025-10-19'),(1029,1,'admin','Login','User logged in',NULL,NULL,'01:51:37','2025-10-19'),(1030,1,'admin','Login','User logged in',NULL,NULL,'01:53:59','2025-10-19'),(1031,1,'admin','Login','User logged in',NULL,NULL,'01:54:23','2025-10-19'),(1032,1,'admin','Update Product','Updated product: Eye Solution',NULL,NULL,'01:55:05','2025-10-19'),(1033,1,'admin','Update Product','Updated product: Eye Solution',NULL,NULL,'01:55:18','2025-10-19'),(1034,1,'admin','Update Product','Updated product: Eye Solution',NULL,NULL,'01:55:36','2025-10-19'),(1035,1,'admin','Update Product','Updated product: Photochromic Lens',NULL,NULL,'01:55:46','2025-10-19'),(1036,2,'recep','Login','User logged in',NULL,NULL,'01:57:21','2025-10-19'),(1037,2,'recep','Login','User logged in',NULL,NULL,'01:57:40','2025-10-19'),(1038,1,'admin','Login','User logged in',NULL,NULL,'01:58:02','2025-10-19'),(1039,2,'recep','Login','User logged in',NULL,NULL,'02:08:50','2025-10-19'),(1040,2,'recep','Insert','Added new patient: brex bestudio','patient_data',10,'02:10:08','2025-10-19'),(1041,2,'recep','Insert','Added checkup record for Brex Bestudio','tbl_checkup',30,'02:20:39','2025-10-19'),(1042,2,'recep','Insert','Added new transaction for Brex  Bestudio with total of 300.00 and paid ?300','tbl_transactionstbl_transaction_items',10,'02:20:40','2025-10-19'),(1043,1,'admin','Login','User logged in',NULL,NULL,'02:24:30','2025-10-19'),(1044,1,'admin','Update Product','Updated product: Photochromic Lens',NULL,NULL,'02:24:57','2025-10-19'),(1045,2,'recep','Login','User logged in',NULL,NULL,'02:25:15','2025-10-19'),(1046,2,'recep','Insert','Added new transaction for Brex  Bestudio with total of 1141.00 and paid ?1141','tbl_transactionstbl_transaction_items',10,'02:28:19','2025-10-19'),(1047,2,'recep','Insert','Added new doctor named lj bestudio espartero','tbl_doctor',5,'02:29:46','2025-10-19'),(1048,1,'admin','Login','User logged in',NULL,NULL,'02:30:39','2025-10-19'),(1049,1,'admin','Place Order','Placed a new order with Order ID: 38 and Total Amount: 7500',NULL,NULL,'02:38:06','2025-10-19'),(1050,1,'admin','Add User','Added user: admin3',NULL,NULL,'02:47:45','2025-10-19'),(1051,1,'admin','Update User','Update User: admin1',NULL,NULL,'02:48:09','2025-10-19'),(1052,1,'admin','Login','User logged in',NULL,NULL,'02:53:35','2025-10-19'),(1053,2,'recep','Login','User logged in',NULL,NULL,'02:53:46','2025-10-19'),(1054,2,'recep','Insert','Added new patient: brian bestudio','patient_data',11,'02:56:25','2025-10-19'),(1055,2,'recep','Insert','Added new transaction for Brian  Bestudio with total of 600.00 and paid ?300','tbl_transactionstbl_transaction_items',11,'03:04:28','2025-10-19'),(1056,1,'admin','Login','User logged in',NULL,NULL,'01:33:25','2025-10-20'),(1057,1,'admin','Login','User logged in',NULL,NULL,'01:38:42','2025-10-20'),(1058,1,'admin','Login','User logged in',NULL,NULL,'02:00:50','2025-10-20'),(1059,1,'admin','Login','User logged in',NULL,NULL,'02:35:27','2025-10-20'),(1060,1,'admin','Login','User logged in',NULL,NULL,'20:39:23','2025-10-20'),(1061,1,'admin','Login','User logged in',NULL,NULL,'20:46:58','2025-10-20'),(1062,1,'admin','Login','User logged in',NULL,NULL,'20:49:13','2025-10-20'),(1063,1,'admin','Login','User logged in',NULL,NULL,'20:50:13','2025-10-20'),(1064,1,'admin','Login','User logged in',NULL,NULL,'20:51:08','2025-10-20'),(1065,1,'admin','Insert','Added new transaction for Brian  Bestudio with total of 963.00 and paid ?300','tbl_transactionstbl_transaction_items',11,'20:51:42','2025-10-20'),(1066,1,'admin','Login','User logged in',NULL,NULL,'21:00:24','2025-10-20'),(1067,1,'admin','Login','User logged in',NULL,NULL,'21:12:43','2025-10-20'),(1068,1,'admin','Login','User logged in',NULL,NULL,'21:16:41','2025-10-20'),(1069,1,'admin','Insert','Added new transaction for Brex  Bestudio with total of 853.00 and paid ?500','tbl_transactionstbl_transaction_items',10,'21:17:15','2025-10-20'),(1070,1,'admin','Login','User logged in',NULL,NULL,'21:23:06','2025-10-20'),(1071,1,'admin','Update','Updated transaction for Brex  Bestudio with total of 853.00 and paid500.00','tbl_transactionstbl_transaction_items',10,'21:23:41','2025-10-20'),(1072,1,'admin','Login','User logged in',NULL,NULL,'21:34:46','2025-10-20'),(1073,1,'admin','Login','User logged in',NULL,NULL,'21:45:34','2025-10-20'),(1074,1,'admin','Login','User logged in',NULL,NULL,'21:55:25','2025-10-20'),(1075,1,'admin','Update','Updated transaction for Brian  Bestudio with total of 987.00 and paid300.00','tbl_transactionstbl_transaction_items',11,'21:56:10','2025-10-20'),(1076,1,'admin','Login','User logged in',NULL,NULL,'22:03:28','2025-10-20'),(1077,1,'admin','Login','User logged in',NULL,NULL,'22:10:05','2025-10-20'),(1078,1,'admin','Login','User logged in',NULL,NULL,'22:11:46','2025-10-20'),(1079,1,'admin','Login','User logged in',NULL,NULL,'22:12:22','2025-10-20'),(1080,1,'admin','Login','User logged in',NULL,NULL,'22:13:15','2025-10-20'),(1081,1,'admin','Login','User logged in',NULL,NULL,'22:15:54','2025-10-20'),(1082,1,'admin','Login','User logged in',NULL,NULL,'22:18:39','2025-10-20'),(1083,1,'admin','Login','User logged in',NULL,NULL,'22:25:47','2025-10-20'),(1084,1,'admin','Update','Updated transaction for Brex  Bestudio with total of 853.00 and paid500.00','tbl_transactionstbl_transaction_items',10,'22:26:20','2025-10-20'),(1085,1,'admin','Insert','Added new transaction for Emman  Pineda with total of 695.00 and paid ?600','tbl_transactionstbl_transaction_items',7,'22:27:14','2025-10-20'),(1086,1,'admin','Login','User logged in',NULL,NULL,'22:34:16','2025-10-20'),(1087,1,'admin','Update','Updated transaction for Emman  Pineda with total of 980.00 and paid600.00','tbl_transactionstbl_transaction_items',7,'22:35:57','2025-10-20'),(1088,1,'admin','Login','User logged in',NULL,NULL,'22:40:47','2025-10-20'),(1089,1,'admin','Update','Updated transaction for Emman  Pineda with total of 860.00 and paid600.00','tbl_transactionstbl_transaction_items',7,'22:41:20','2025-10-20'),(1090,1,'admin','Login','User logged in',NULL,NULL,'23:06:35','2025-10-20'),(1091,1,'admin','Insert','Added new transaction for Juan Andres  Bonifacio with total of 555.00 and paid ?300','tbl_transactionstbl_transaction_items',6,'23:08:50','2025-10-20'),(1092,1,'admin','Login','User logged in',NULL,NULL,'23:15:27','2025-10-20'),(1093,1,'admin','Login','User logged in',NULL,NULL,'23:45:40','2025-10-20'),(1094,1,'admin','Login','User logged in',NULL,NULL,'23:47:30','2025-10-20'),(1095,1,'admin','Insert','Added new transaction for Brex  Bestudio with total of 963.00 and paid ?300','tbl_transactionstbl_transaction_items',10,'23:48:19','2025-10-20'),(1096,1,'admin','Login','User logged in',NULL,NULL,'23:57:51','2025-10-20'),(1097,1,'admin','Login','User logged in',NULL,NULL,'02:32:39','2025-10-21'),(1098,1,'admin','Update','Updated transaction for Brex  Bestudio with total of 915.00 and paid300.00','tbl_transactionstbl_transaction_items',10,'02:33:16','2025-10-21'),(1099,1,'admin','Insert','Added new transaction for Brian  Bestudio with total of 300.00 and paid ?300','tbl_transactionstbl_transaction_items',11,'02:37:08','2025-10-21'),(1100,1,'admin','Login','User logged in',NULL,NULL,'02:41:04','2025-10-21'),(1101,1,'admin','Settle','Settled payment of ?615.00 for patient: Brex Bestudio. Remaining balance: ?0.00','tbl_transactions, tbl_transaction_items',63,'02:41:50','2025-10-21'),(1102,1,'admin','Settle','Settled payment of ?260.00 for patient: Emman Pineda. Remaining balance: ?0.00','tbl_transactions, tbl_transaction_items',61,'02:42:12','2025-10-21'),(1103,1,'admin','Login','User logged in',NULL,NULL,'02:43:10','2025-10-21'),(1104,1,'admin','Login','User logged in',NULL,NULL,'03:17:00','2025-10-21'),(1105,1,'admin','Login','User logged in',NULL,NULL,'03:19:58','2025-10-21'),(1106,1,'admin','Login','User logged in',NULL,NULL,'03:23:46','2025-10-21'),(1107,1,'admin','Login','User logged in',NULL,NULL,'03:24:08','2025-10-21'),(1108,1,'admin','Login','User logged in',NULL,NULL,'03:29:14','2025-10-21'),(1109,1,'admin','Login','User logged in',NULL,NULL,'03:37:40','2025-10-21'),(1110,1,'admin','Login','User logged in',NULL,NULL,'03:40:10','2025-10-21'),(1111,1,'admin','Insert','Added checkup record for Maria Josephine Delacruz','tbl_checkup',31,'03:42:35','2025-10-21'),(1112,1,'admin','Insert','Added new transaction for Maria Josephine  Delacruz with total of 300.00 and paid ?300','tbl_transactionstbl_transaction_items',4,'03:42:35','2025-10-21'),(1113,1,'admin','Login','User logged in',NULL,NULL,'03:44:13','2025-10-21'),(1114,1,'admin','Login','User logged in',NULL,NULL,'22:57:20','2025-10-21'),(1115,1,'admin','Insert','Added new transaction for Joshua  Bestudio with total of 560.00 and paid ?300','tbl_transactionstbl_transaction_items',9,'22:59:15','2025-10-21'),(1116,1,'admin','Login','User logged in',NULL,NULL,'23:54:59','2025-10-21'),(1117,2,'recep','Login','User logged in',NULL,NULL,'23:55:43','2025-10-21'),(1118,3,'opto','Login','User logged in',NULL,NULL,'23:56:47','2025-10-21'),(1119,1,'admin','Login','User logged in',NULL,NULL,'23:57:20','2025-10-21'),(1120,1,'admin','Login','User logged in',NULL,NULL,'00:01:14','2025-10-22'),(1121,1,'admin','Delete User','Deleted user: admin1',NULL,NULL,'00:01:26','2025-10-22'),(1122,1,'admin','Delete User','Deleted user: admin2',NULL,NULL,'00:01:59','2025-10-22'),(1123,1,'admin','Delete User','Deleted user: admin3',NULL,NULL,'00:02:02','2025-10-22'),(1124,2,'recep','Login','User logged in',NULL,NULL,'00:02:55','2025-10-22'),(1125,2,'recep','Update Product','Updated product: Eye Solution',NULL,NULL,'00:05:07','2025-10-22'),(1126,1,'admin','Login','User logged in',NULL,NULL,'01:35:46','2025-10-22'),(1127,1,'admin','Login','User logged in',NULL,NULL,'01:37:12','2025-10-22'),(1128,1,'admin','Update','Updated transaction for Juan Andres  Bonifacio with total of 300.00 and paid300.00','tbl_transactionstbl_transaction_items',6,'01:37:37','2025-10-22'),(1129,1,'admin','Insert','Added new transaction for Joshua  Mosrales with total of 300.00 and paid ?200','tbl_transactionstbl_transaction_items',1,'01:39:24','2025-10-22'),(1130,1,'admin','Insert','Added checkup record for Angelo Royce Morales','tbl_checkup',32,'01:40:01','2025-10-22'),(1131,1,'admin','Insert','Added new transaction for Angelo Royce  Morales with total of 300.00 and paid ?200','tbl_transactionstbl_transaction_items',2,'01:40:01','2025-10-22'),(1132,1,'admin','Update','Updated transaction for Angelo Royce  Morales with total of 430.00 and paid200.00','tbl_transactionstbl_transaction_items',2,'01:40:20','2025-10-22'),(1133,1,'admin','Login','User logged in',NULL,NULL,'01:50:01','2025-10-22'),(1134,1,'admin','Insert','Added checkup record for Karla Gutierrez Alaban','tbl_checkup',33,'01:50:43','2025-10-22'),(1135,1,'admin','Insert','Added new transaction for Karla Gutierrez Alaban with total of 300.00 and paid ?200','tbl_transactionstbl_transaction_items',3,'01:50:43','2025-10-22'),(1136,1,'admin','Update','Updated transaction for Karla Gutierrez Alaban with total of 12060.00 and paid200.00','tbl_transactionstbl_transaction_items',3,'01:51:09','2025-10-22'),(1137,1,'admin','Update','Updated transaction for Karla Gutierrez Alaban with total of 850.00 and paid200.00','tbl_transactionstbl_transaction_items',3,'01:51:44','2025-10-22'),(1138,1,'admin','Update','Updated transaction for Karla Gutierrez Alaban with total of 1090.00 and paid200.00','tbl_transactionstbl_transaction_items',3,'01:52:06','2025-10-22'),(1139,1,'admin','Settle','Settled payment of ?890.00 for patient: Karla Gutierrez Alaban. Remaining balance: ?0.00','tbl_transactions, tbl_transaction_items',69,'01:52:22','2025-10-22'),(1140,1,'admin','Login','User logged in',NULL,NULL,'01:59:30','2025-10-22'),(1141,1,'admin','Login','User logged in',NULL,NULL,'02:24:13','2025-10-22'),(1142,1,'admin','Insert','Created appointment for patientID 2 with doctor Erin Daquiuag','tbl_appointments',2,'02:24:56','2025-10-22'),(1143,1,'admin','Insert','Created appointment for patientID 2 with doctor Erin Daquiuag','tbl_appointments',2,'02:25:02','2025-10-22'),(1144,1,'admin','Login','User logged in',NULL,NULL,'02:47:53','2025-10-22'),(1145,1,'admin','Settle','Settled payment of ?353.00 for patient: Brex Bestudio. Remaining balance: ?0.00','tbl_transactions, tbl_transaction_items',60,'02:53:40','2025-10-22'),(1146,1,'admin','Settle','Settled payment of ?260.00 for patient: Joshua Bestudio. Remaining balance: ?0.00','tbl_transactions, tbl_transaction_items',66,'02:53:57','2025-10-22'),(1147,1,'admin','Login','User logged in',NULL,NULL,'03:29:38','2025-10-22'),(1148,1,'admin','Login','User logged in',NULL,NULL,'11:55:06','2025-10-22'),(1149,1,'admin','Login','User logged in',NULL,NULL,'11:57:48','2025-10-22'),(1150,1,'admin','Login','User logged in',NULL,NULL,'11:58:13','2025-10-22'),(1151,1,'admin','Login','User logged in',NULL,NULL,'12:00:39','2025-10-22'),(1152,1,'admin','Login','User logged in',NULL,NULL,'12:08:10','2025-10-22'),(1153,1,'admin','Insert','Added checkup record for Joshua Mosrales','tbl_checkup',34,'12:19:36','2025-10-22'),(1154,1,'admin','Insert','Added new transaction for Joshua  Mosrales with total of 300.00 and paid ?10','tbl_transactionstbl_transaction_items',1,'12:19:36','2025-10-22'),(1155,1,'admin','Insert','Added new transaction for Joshua  Bestudio with total of 1101.00 and paid ?400','tbl_transactionstbl_transaction_items',9,'12:21:47','2025-10-22'),(1156,1,'admin','Settle','Settled payment of ?701.00 for patient: Joshua Bestudio. Remaining balance: ?0.00','tbl_transactions, tbl_transaction_items',71,'12:22:26','2025-10-22'),(1157,1,'admin','Place Order','Placed a new order with Order ID: 39 and Total Amount: 2500',NULL,NULL,'12:25:32','2025-10-22'),(1158,1,'admin','Login','User logged in',NULL,NULL,'12:35:50','2025-10-22'),(1159,1,'admin','Login','User logged in',NULL,NULL,'12:36:01','2025-10-22'),(1160,1,'admin','Login','User logged in',NULL,NULL,'12:44:39','2025-10-22'),(1161,1,'admin','Login','User logged in',NULL,NULL,'12:45:01','2025-10-22'),(1162,1,'admin','Insert','Added checkup record for Joshua Mosrales','tbl_checkup',35,'12:51:13','2025-10-22'),(1163,1,'admin','Insert','Added new transaction for Joshua  Mosrales with total of 300.00 and paid ?300','tbl_transactionstbl_transaction_items',1,'12:51:13','2025-10-22'),(1164,1,'admin','Settle','Settled payment of ?230.00 for patient: Angelo Royce Morales. Remaining balance: ?0.00','tbl_transactions, tbl_transaction_items',68,'12:53:20','2025-10-22'),(1165,1,'admin','Place Order','Placed a new order with Order ID: 40 and Total Amount: 7500',NULL,NULL,'12:56:08','2025-10-22'),(1166,1,'admin','Login','User logged in',NULL,NULL,'13:51:22','2025-10-22'),(1167,1,'admin','Login','User logged in',NULL,NULL,'13:51:45','2025-10-22'),(1168,2,'recep','Login','User logged in',NULL,NULL,'13:52:59','2025-10-22'),(1169,2,'recep','Login','User logged in',NULL,NULL,'13:58:49','2025-10-22'),(1170,2,'recep','Insert','Added new patient: erin daquiuag','patient_data',12,'14:00:14','2025-10-22'),(1171,2,'recep','Insert','Added checkup record for Erin Daquiuag','tbl_checkup',36,'14:01:12','2025-10-22'),(1172,2,'recep','Insert','Added new transaction for Erin  Daquiuag with total of 300.00 and paid ?300','tbl_transactionstbl_transaction_items',12,'14:01:12','2025-10-22'),(1173,2,'recep','Insert','Created appointment for patientID 12 with doctor Erin Daquiuag','tbl_appointments',12,'14:01:46','2025-10-22'),(1174,2,'recep','Settle','Settled payment of ?290.00 for patient: Joshua Mosrales. Remaining balance: ?0.00','tbl_transactions, tbl_transaction_items',70,'14:02:39','2025-10-22'),(1175,2,'recep','Insert','Added new transaction for Erin  Daquiuag with total of 740.00 and paid ?300','tbl_transactionstbl_transaction_items',12,'14:04:02','2025-10-22'),(1176,2,'recep','Settle','Settled payment of ?440.00 for patient: Erin Daquiuag. Remaining balance: ?0.00','tbl_transactions, tbl_transaction_items',74,'14:04:27','2025-10-22'),(1177,1,'admin','Login','User logged in',NULL,NULL,'14:05:14','2025-10-22'),(1178,1,'admin','Place Order','Placed a new order with Order ID: 41 and Total Amount: 10000',NULL,NULL,'14:09:14','2025-10-22'),(1179,1,'admin','Login','User logged in',NULL,NULL,'15:49:00','2025-10-22'),(1180,1,'admin','Login','User logged in',NULL,NULL,'13:39:28','2025-10-23'),(1181,1,'admin','Update Product','Updated product: Reading Glasses',NULL,NULL,'13:41:38','2025-10-23'),(1182,2,'recep','Login','User logged in',NULL,NULL,'13:45:24','2025-10-23'),(1183,3,'opto','Login','User logged in',NULL,NULL,'13:48:44','2025-10-23'),(1184,1,'admin','Login','User logged in',NULL,NULL,'15:20:55','2025-10-23'),(1185,1,'admin','Login','User logged in',NULL,NULL,'16:26:49','2025-10-23'),(1186,1,'admin','Update','Updated transaction for Joshua Mosrales with total of 300.00 and paid300','tbl_transactionstbl_transaction_items',1,'16:45:56','2025-10-23'),(1187,1,'admin','Settle','Settled payment of ?100.00 for patient: Joshua Mosrales. Remaining balance: ?0.00','tbl_transactions, tbl_transaction_items',67,'16:46:07','2025-10-23'),(1188,1,'admin','Settle','Settled payment of ?200.00 for patient: Joshua Mosrales. Remaining balance: ?0.00','tbl_transactions, tbl_transaction_items',38,'16:46:17','2025-10-23'),(1189,1,'admin','Settle','Settled payment of ?100.00 for patient: Joshua Mosrales. Remaining balance: ?100.00','tbl_transactions, tbl_transaction_items',36,'16:46:24','2025-10-23'),(1190,1,'admin','Settle','Settled payment of ?100.00 for patient: Joshua Mosrales. Remaining balance: ?0.00','tbl_transactions, tbl_transaction_items',36,'16:46:43','2025-10-23'),(1191,1,'admin','Update','Updated transaction for Joshua Mosrales with total of 300.00 and paid300','tbl_transactionstbl_transaction_items',1,'16:46:59','2025-10-23'),(1192,1,'admin','Update','Updated transaction for Joshua Mosrales with total of 300.00 and paid300','tbl_transactionstbl_transaction_items',1,'16:47:20','2025-10-23'),(1193,1,'admin','Update','Updated transaction for Joshua Mosrales with total of 300.00 and paid300','tbl_transactionstbl_transaction_items',1,'16:47:32','2025-10-23'),(1194,1,'admin','Update','Updated transaction for Joshua Mosrales with total of 300.00 and paid300','tbl_transactionstbl_transaction_items',1,'16:47:47','2025-10-23'),(1195,1,'admin','Settle','Settled payment of ?100.00 for patient: Joshua Mosrales. Remaining balance: ?0.00','tbl_transactions, tbl_transaction_items',21,'16:48:03','2025-10-23'),(1196,1,'admin','Settle','Settled payment of ?300.00 for patient: Joshua Mosrales. Remaining balance: ?0.00','tbl_transactions, tbl_transaction_items',20,'16:48:29','2025-10-23'),(1197,1,'admin','Login','User logged in',NULL,NULL,'16:56:35','2025-10-23'),(1198,1,'admin','Login','User logged in',NULL,NULL,'17:12:53','2025-10-23'),(1199,1,'admin','Login','User logged in',NULL,NULL,'17:25:07','2025-10-23'),(1200,1,'admin','Login','User logged in',NULL,NULL,'18:40:00','2025-10-23'),(1201,1,'admin','Stock In','Received 5 of Eye Solution',NULL,NULL,'18:40:49','2025-10-23'),(1202,1,'admin','Stock Out','Issued 5 of Plastic Frame for Defective',NULL,NULL,'18:41:36','2025-10-23'),(1203,1,'admin','Stock Out','Issued 5 of Eye Solution for Lost',NULL,NULL,'18:42:05','2025-10-23'),(1204,1,'admin','Place Order','Placed a new order with Order ID: 42 and Total Amount: 20000',NULL,NULL,'18:58:37','2025-10-23'),(1205,1,'admin','Login','User logged in',NULL,NULL,'19:09:18','2025-10-23'),(1206,1,'admin','Login','User logged in',NULL,NULL,'19:22:33','2025-10-23'),(1207,1,'admin','Login','User logged in',NULL,NULL,'19:54:11','2025-10-23'),(1208,1,'admin','Cancel Order','Order ID 39: Order partially completed - remaining items cancelled',NULL,NULL,'19:55:07','2025-10-23'),(1209,1,'admin','Place Order','Placed a new order with Order ID: 43 and Total Amount: 1500',NULL,NULL,'19:55:20','2025-10-23'),(1210,1,'admin','Cancel Order','Order ID 43: Order partially completed - remaining items cancelled',NULL,NULL,'19:55:46','2025-10-23'),(1211,1,'admin','Login','User logged in',NULL,NULL,'20:00:58','2025-10-23'),(1212,1,'admin','Place Order','Placed a new order with Order ID: 44 and Total Amount: 2000',NULL,NULL,'20:01:21','2025-10-23'),(1213,1,'admin','Cancel Order','Order ID 44: Order partially completed - remaining items cancelled',NULL,NULL,'20:01:52','2025-10-23'),(1214,1,'admin','Place Order','Placed a new order with Order ID: 48 and Total Amount: 500',NULL,NULL,'20:19:51','2025-10-23'),(1215,1,'admin','Login','User logged in',NULL,NULL,'20:28:04','2025-10-23'),(1216,1,'admin','Cancel Order','Order ID 48: Order partially completed - remaining items cancelled',NULL,NULL,'20:28:57','2025-10-23'),(1217,1,'admin','Login','User logged in',NULL,NULL,'20:34:43','2025-10-23'),(1218,1,'admin','Place Order','Placed a new order with Order ID: 49 and Total Amount: 1000',NULL,NULL,'20:35:46','2025-10-23'),(1219,1,'admin','Cancel Order','Order ID 49: Order partially completed - remaining items cancelled',NULL,NULL,'20:36:50','2025-10-23'),(1220,1,'admin','Login','User logged in',NULL,NULL,'20:47:13','2025-10-23'),(1221,1,'admin','Place Order','Placed a new order with Order ID: 50 and Total Amount: 1000',NULL,NULL,'20:47:55','2025-10-23'),(1222,1,'admin','Cancel Order','Order ID 50: Order partially completed - remaining items cancelled',NULL,NULL,'20:48:55','2025-10-23'),(1223,1,'admin','Login','User logged in',NULL,NULL,'21:21:13','2025-10-23'),(1224,1,'admin','Place Order','Placed a new order with Order ID: 52 and Total Amount: 1250',NULL,NULL,'21:21:53','2025-10-23'),(1225,1,'admin','Cancel Order','Order ID 52: Order partially completed - remaining items cancelled',NULL,NULL,'21:23:41','2025-10-23'),(1226,1,'admin','Login','User logged in',NULL,NULL,'21:34:39','2025-10-23'),(1227,1,'admin','Login','User logged in',NULL,NULL,'21:38:58','2025-10-23'),(1228,1,'admin','Login','User logged in',NULL,NULL,'21:44:17','2025-10-23'),(1229,1,'admin','Login','User logged in',NULL,NULL,'22:06:16','2025-10-23'),(1230,1,'admin','Login','User logged in',NULL,NULL,'22:27:39','2025-10-23'),(1231,1,'admin','Insert','Added checkup record for Brian Bestudio','tbl_checkup',37,'22:28:11','2025-10-23'),(1232,1,'admin','Insert','Added new transaction for Brian  Bestudio with total of 300.00 and paid ?300','tbl_transactionstbl_transaction_items',8,'22:28:11','2025-10-23'),(1233,1,'admin','Login','User logged in',NULL,NULL,'22:35:42','2025-10-23'),(1234,1,'admin','Login','User logged in',NULL,NULL,'22:40:21','2025-10-23'),(1235,1,'admin','Login','User logged in',NULL,NULL,'22:46:05','2025-10-23'),(1236,1,'admin','Login','User logged in',NULL,NULL,'22:49:44','2025-10-23'),(1237,1,'admin','Login','User logged in',NULL,NULL,'22:51:07','2025-10-23'),(1238,1,'admin','Login','User logged in',NULL,NULL,'23:08:21','2025-10-23'),(1239,1,'admin','Login','User logged in',NULL,NULL,'23:15:45','2025-10-23'),(1240,1,'admin','Login','User logged in',NULL,NULL,'23:22:44','2025-10-23'),(1241,1,'admin','Login','User logged in',NULL,NULL,'23:27:41','2025-10-23'),(1242,2,'recep','Login','User logged in',NULL,NULL,'23:28:50','2025-10-23'),(1243,1,'admin','Login','User logged in',NULL,NULL,'01:24:04','2025-10-24'),(1244,2,'recep','Login','User logged in',NULL,NULL,'01:24:24','2025-10-24'),(1245,3,'opto','Login','User logged in',NULL,NULL,'01:26:19','2025-10-24'),(1246,3,'opto','Login','User logged in',NULL,NULL,'01:42:36','2025-10-24'),(1247,1,'admin','Login','User logged in',NULL,NULL,'02:41:24','2025-10-24'),(1248,1,'admin','Login','User logged in',NULL,NULL,'02:48:58','2025-10-24'),(1249,1,'admin','Add User','Added user: sadmin',NULL,NULL,'02:50:01','2025-10-24'),(1250,7,'sadmin','Login','User logged in',NULL,NULL,'02:50:18','2025-10-24'),(1251,1,'admin','Login','User logged in',NULL,NULL,'03:11:21','2025-10-24'),(1252,7,'sadmin','Login','User logged in',NULL,NULL,'03:11:43','2025-10-24'),(1253,1,'admin','Login','User logged in',NULL,NULL,'03:20:09','2025-10-24'),(1254,1,'admin','Login','User logged in',NULL,NULL,'03:24:37','2025-10-24'),(1255,1,'admin','Login','User logged in',NULL,NULL,'03:40:02','2025-10-24'),(1256,2,'recep','Login','User logged in',NULL,NULL,'03:43:45','2025-10-24'),(1257,1,'admin','Login','User logged in',NULL,NULL,'03:44:54','2025-10-24'),(1258,1,'admin','Login','User logged in',NULL,NULL,'03:48:00','2025-10-24'),(1259,2,'recep','Login','User logged in',NULL,NULL,'03:48:17','2025-10-24'),(1260,2,'recep','Login','User logged in',NULL,NULL,'03:56:54','2025-10-24'),(1261,3,'opto','Login','User logged in',NULL,NULL,'03:59:51','2025-10-24'),(1262,7,'sadmin','Login','User logged in',NULL,NULL,'18:18:18','2025-10-24'),(1263,1,'admin','Login','User logged in',NULL,NULL,'18:25:33','2025-10-24'),(1264,7,'sadmin','Login','User logged in',NULL,NULL,'18:28:42','2025-10-24'),(1265,1,'admin','Login','User logged in',NULL,NULL,'18:54:44','2025-10-24'),(1266,7,'sadmin','Login','User logged in',NULL,NULL,'18:55:01','2025-10-24'),(1267,7,'sadmin','Update User','Update User: sadmin',NULL,NULL,'18:55:13','2025-10-24'),(1268,7,'sadmin','Update User','Update User: recep',NULL,NULL,'18:58:23','2025-10-24'),(1269,1,'admin','Login','User logged in',NULL,NULL,'20:06:54','2025-10-24'),(1270,1,'admin','Login','User logged in',NULL,NULL,'21:17:03','2025-10-24'),(1271,7,'sadmin','Login','User logged in',NULL,NULL,'21:24:49','2025-10-24'),(1272,7,'sadmin','Add User','Added user: qwe',NULL,NULL,'21:25:48','2025-10-24'),(1273,7,'sadmin','Archive User','Archived user: qwe',NULL,NULL,'21:26:04','2025-10-24'),(1274,1,'admin','Login','User logged in',NULL,NULL,'21:31:43','2025-10-24'),(1275,7,'sadmin','Login','User logged in',NULL,NULL,'21:32:28','2025-10-24'),(1276,1,'admin','Login','User logged in',NULL,NULL,'22:29:57','2025-10-24'),(1277,7,'sadmin','Login','User logged in',NULL,NULL,'22:32:05','2025-10-24'),(1278,7,'sadmin','Insert','Added new transaction for Erin  Daquiuag with total of 950.00 and paid ?300','tbl_transactionstbl_transaction_items',12,'22:33:00','2025-10-24'),(1279,7,'sadmin','Settle','Settled payment of ?300.00 for patient: Erin Daquiuag. Remaining balance: ?350.00','tbl_transactions, tbl_transaction_items',76,'22:33:14','2025-10-24'),(1280,7,'sadmin','Login','User logged in',NULL,NULL,'22:42:00','2025-10-24'),(1281,7,'sadmin','Settle','Settled payment of ?300.00 for patient: Erin Daquiuag. Remaining balance: ?50.00','tbl_transactions, tbl_transaction_items',76,'22:42:10','2025-10-24'),(1282,7,'sadmin','Login','User logged in',NULL,NULL,'22:44:16','2025-10-24'),(1283,7,'sadmin','Update','Updated transaction for Erin  Daquiuag with total of 950.00 and paid300','tbl_transactionstbl_transaction_items',12,'22:44:38','2025-10-24'),(1284,7,'sadmin','Settle','Settled payment of ?300.00 for patient: Erin Daquiuag. Remaining balance: ?350.00','tbl_transactions, tbl_transaction_items',76,'22:44:44','2025-10-24'),(1285,7,'sadmin','Login','User logged in',NULL,NULL,'22:48:47','2025-10-24'),(1286,7,'sadmin','Login','User logged in',NULL,NULL,'22:57:11','2025-10-24'),(1287,7,'sadmin','Login','User logged in',NULL,NULL,'23:00:08','2025-10-24'),(1288,7,'sadmin','Login','User logged in',NULL,NULL,'23:26:30','2025-10-24'),(1289,7,'sadmin','Login','User logged in',NULL,NULL,'23:36:56','2025-10-24'),(1290,7,'sadmin','Settle','Settled payment of ?350.00 for patient: Erin Daquiuag. Remaining balance: ?0.00','tbl_transactions, tbl_transaction_items',76,'23:37:28','2025-10-24'),(1291,7,'sadmin','Login','User logged in',NULL,NULL,'23:49:18','2025-10-24'),(1292,7,'sadmin','Insert','Added new transaction for Erin  Daquiuag with total of 420.00 and paid ?200','tbl_transactionstbl_transaction_items',12,'23:49:54','2025-10-24'),(1293,7,'sadmin','Login','User logged in',NULL,NULL,'00:12:38','2025-10-25'),(1294,7,'sadmin','Insert','Added new transaction for Joshua  Mosrales with total of 695.00 and paid ?300','tbl_transactionstbl_transaction_items',1,'00:13:23','2025-10-25'),(1295,7,'sadmin','Login','User logged in',NULL,NULL,'00:20:48','2025-10-25'),(1296,7,'sadmin','Settle','Settled payment of ?395.00 for patient: Joshua Mosrales. Remaining balance: ?0.00','tbl_transactions, tbl_transaction_items',78,'00:21:01','2025-10-25'),(1297,7,'sadmin','Insert','Added new transaction for Joshua  Mosrales with total of 695.00 and paid ?300','tbl_transactionstbl_transaction_items',1,'00:21:55','2025-10-25'),(1298,7,'sadmin','Login','User logged in',NULL,NULL,'00:57:39','2025-10-25'),(1299,7,'sadmin','Login','User logged in',NULL,NULL,'01:03:21','2025-10-25'),(1300,7,'sadmin','Update','Updated transaction for Joshua  Mosrales with total of 695.00 and paid300.00','tbl_transactionstbl_transaction_items',1,'01:03:32','2025-10-25'),(1301,7,'sadmin','Login','User logged in',NULL,NULL,'01:06:25','2025-10-25'),(1302,7,'sadmin','Settle','Settled payment of ?395.00 for patient: Joshua Mosrales. Remaining balance: ?0.00','tbl_transactions, tbl_transaction_items',79,'01:06:48','2025-10-25'),(1303,7,'sadmin','Insert','Added new transaction for Joshua  Mosrales with total of 695.00 and paid ?300','tbl_transactionstbl_transaction_items',1,'01:07:27','2025-10-25'),(1304,7,'sadmin','Login','User logged in',NULL,NULL,'01:13:53','2025-10-25'),(1305,7,'sadmin','Settle','Settled payment of ?395.00 for patient: Joshua Mosrales. Remaining balance: ?0.00','tbl_transactions, tbl_transaction_items',80,'01:14:07','2025-10-25'),(1306,7,'sadmin','Insert','Added new transaction for Joshua  Mosrales with total of 420.00 and paid ?200','tbl_transactionstbl_transaction_items',1,'01:14:35','2025-10-25'),(1307,7,'sadmin','Login','User logged in',NULL,NULL,'01:49:36','2025-10-25'),(1308,7,'sadmin','Login','User logged in',NULL,NULL,'01:51:01','2025-10-25'),(1309,7,'sadmin','Settle','Settled payment of ?220.00 for patient: Joshua Mosrales. Remaining balance: ?0.00','tbl_transactions, tbl_transaction_items',81,'01:51:14','2025-10-25'),(1310,7,'sadmin','Insert','Added new transaction for Joshua  Mosrales with total of 420.00 and paid ?200','tbl_transactionstbl_transaction_items',1,'01:51:36','2025-10-25'),(1311,7,'sadmin','Login','User logged in',NULL,NULL,'01:54:15','2025-10-25'),(1312,7,'sadmin','Settle','Settled payment of ?220.00 for patient: Joshua Mosrales. Remaining balance: ?0.00','tbl_transactions, tbl_transaction_items',82,'01:54:34','2025-10-25'),(1313,7,'sadmin','Insert','Added new transaction for Joshua  Mosrales with total of 420.00 and paid ?200','tbl_transactionstbl_transaction_items',1,'01:55:01','2025-10-25'),(1314,7,'sadmin','Login','User logged in',NULL,NULL,'02:27:31','2025-10-25'),(1315,7,'sadmin','Update','Updated transaction for Joshua  Mosrales with total of 420.00 and paid200.00','tbl_transactionstbl_transaction_items',1,'02:27:40','2025-10-25'),(1316,7,'sadmin','Login','User logged in',NULL,NULL,'02:28:10','2025-10-25'),(1317,7,'sadmin','Settle','Settled payment of ?220.00 for patient: Joshua Mosrales. Remaining balance: ?0.00','tbl_transactions, tbl_transaction_items',83,'02:28:26','2025-10-25'),(1318,7,'sadmin','Insert','Added new transaction for Joshua  Mosrales with total of 468.00 and paid ?200','tbl_transactionstbl_transaction_items',1,'02:28:53','2025-10-25'),(1319,7,'sadmin','Update','Updated transaction for Joshua  Mosrales with total of 468.00 and paid200.00','tbl_transactionstbl_transaction_items',1,'02:29:13','2025-10-25'),(1320,7,'sadmin','Login','User logged in',NULL,NULL,'03:08:43','2025-10-25'),(1321,7,'sadmin','Settle','Settled payment of ?268.00 for patient: Joshua Mosrales. Remaining balance: ?0.00','tbl_transactions, tbl_transaction_items',84,'03:13:53','2025-10-25'),(1322,7,'sadmin','Insert','Added new transaction for Joshua  Mosrales with total of 420.00 and paid ?200','tbl_transactionstbl_transaction_items',1,'03:14:16','2025-10-25'),(1323,7,'sadmin','Settle','Settled payment of ?220.00 for patient: Joshua Mosrales. Remaining balance: ?0.00','tbl_transactions, tbl_transaction_items',85,'03:14:44','2025-10-25'),(1324,7,'sadmin','Insert','Added new transaction for Joshua  Mosrales with total of 1285.00 and paid ?200','tbl_transactionstbl_transaction_items',1,'03:15:31','2025-10-25'),(1325,7,'sadmin','Settle','Settled payment of ?1,085.00 for patient: Joshua Mosrales. Remaining balance: ?0.00','tbl_transactions, tbl_transaction_items',86,'03:16:02','2025-10-25'),(1326,7,'sadmin','Login','User logged in',NULL,NULL,'23:50:37','2025-10-25'),(1327,7,'sadmin','Login','User logged in',NULL,NULL,'23:51:44','2025-10-25'),(1328,7,'sadmin','Stock In','Received 5 of Photochromic Lens',NULL,NULL,'23:53:01','2025-10-25'),(1329,7,'sadmin','Stock In','Received 5 of Photochromic Lens',NULL,NULL,'23:53:21','2025-10-25'),(1330,7,'sadmin','Login','User logged in',NULL,NULL,'00:07:47','2025-10-26'),(1331,7,'sadmin','Stock In','Received 3 of Reading Glasses',NULL,NULL,'00:09:03','2025-10-26'),(1332,7,'sadmin','Stock Out','Issued 2 of Eye Solution for color faded',NULL,NULL,'00:09:53','2025-10-26'),(1333,7,'sadmin','Login','User logged in',NULL,NULL,'00:24:06','2025-10-26'),(1334,7,'sadmin','Stock In','Received 5 of Plastic Frame',NULL,NULL,'00:25:37','2025-10-26'),(1335,7,'sadmin','Stock Out','Issued 5 of Plastic Frame for Lost',NULL,NULL,'00:25:51','2025-10-26'),(1336,7,'sadmin','Archive User','Archived user: qwe',NULL,NULL,'00:26:14','2025-10-26'),(1337,7,'sadmin','Login','User logged in',NULL,NULL,'00:35:17','2025-10-26'),(1338,7,'sadmin','Login','User logged in',NULL,NULL,'01:03:25','2025-10-26'),(1339,7,'sadmin','Login','User logged in',NULL,NULL,'01:24:12','2025-10-26'),(1340,7,'sadmin','Login','User logged in',NULL,NULL,'01:45:30','2025-10-26'),(1341,7,'sadmin','Login','User logged in',NULL,NULL,'01:50:31','2025-10-26'),(1342,2,'recep','Login','User logged in',NULL,NULL,'01:50:52','2025-10-26'),(1343,3,'opto','Login','User logged in',NULL,NULL,'01:51:17','2025-10-26'),(1344,1,'admin','Login','User logged in',NULL,NULL,'01:52:01','2025-10-26'),(1345,7,'sadmin','Login','User logged in',NULL,NULL,'02:02:05','2025-10-26'),(1346,7,'sadmin','Login','User logged in',NULL,NULL,'02:09:20','2025-10-26'),(1347,7,'sadmin','Login','User logged in',NULL,NULL,'02:35:02','2025-10-26'),(1348,7,'sadmin','Login','User logged in',NULL,NULL,'02:45:05','2025-10-26'),(1349,7,'sadmin','Login','User logged in',NULL,NULL,'02:49:48','2025-10-26'),(1350,7,'sadmin','Place Order','Placed a new order with Order ID: 53 and Total Amount: 400',NULL,NULL,'02:51:57','2025-10-26'),(1351,7,'sadmin','Login','User logged in',NULL,NULL,'03:05:42','2025-10-26'),(1352,7,'sadmin','Login','User logged in',NULL,NULL,'03:16:07','2025-10-26'),(1353,7,'sadmin','Login','User logged in',NULL,NULL,'03:21:17','2025-10-26'),(1354,7,'sadmin','Login','User logged in',NULL,NULL,'03:27:51','2025-10-26'),(1355,7,'sadmin','Login','User logged in',NULL,NULL,'03:28:38','2025-10-26'),(1356,7,'sadmin','Login','User logged in',NULL,NULL,'03:29:06','2025-10-26'),(1357,7,'sadmin','Login','User logged in',NULL,NULL,'03:34:23','2025-10-26'),(1358,7,'sadmin','Login','User logged in',NULL,NULL,'03:35:50','2025-10-26'),(1359,7,'sadmin','Login','User logged in',NULL,NULL,'03:40:31','2025-10-26'),(1360,7,'sadmin','Login','User logged in',NULL,NULL,'03:42:29','2025-10-26'),(1361,7,'sadmin','Place Order','Placed a new order with Order ID: 54 and Total Amount: 750',NULL,NULL,'03:42:47','2025-10-26'),(1362,7,'sadmin','Cancel Order','Order ID 54: Order partially completed - remaining items cancelled',NULL,NULL,'03:43:36','2025-10-26'),(1363,7,'sadmin','Login','User logged in',NULL,NULL,'03:48:15','2025-10-26'),(1364,7,'sadmin','Place Order','Placed a new order with Order ID: 55 and Total Amount: 750',NULL,NULL,'03:48:27','2025-10-26'),(1365,7,'sadmin','Place Order','Placed a new order with Order ID: 56 and Total Amount: 500',NULL,NULL,'03:49:31','2025-10-26'),(1366,7,'sadmin','Login','User logged in',NULL,NULL,'03:56:26','2025-10-26'),(1367,7,'sadmin','Login','User logged in',NULL,NULL,'03:59:22','2025-10-26'),(1368,7,'sadmin','Login','User logged in',NULL,NULL,'04:01:53','2025-10-26'),(1369,7,'sadmin','Login','User logged in',NULL,NULL,'04:05:02','2025-10-26'),(1370,7,'sadmin','Login','User logged in',NULL,NULL,'04:08:20','2025-10-26'),(1371,7,'sadmin','Login','User logged in',NULL,NULL,'04:11:35','2025-10-26'),(1372,7,'sadmin','Login','User logged in',NULL,NULL,'04:13:57','2025-10-26'),(1373,7,'sadmin','Login','User logged in',NULL,NULL,'04:15:57','2025-10-26'),(1374,7,'sadmin','Login','User logged in',NULL,NULL,'04:16:41','2025-10-26'),(1375,7,'sadmin','Login','User logged in',NULL,NULL,'04:19:36','2025-10-26'),(1376,7,'sadmin','Login','User logged in',NULL,NULL,'04:28:53','2025-10-26'),(1377,7,'sadmin','Stock In','Received 2 of Plastic Frame',NULL,NULL,'04:30:35','2025-10-26'),(1378,7,'sadmin','Stock Out','Issued 5 of Plastic Frame for Customer Purchased',NULL,NULL,'04:31:00','2025-10-26'),(1379,7,'sadmin','Login','User logged in',NULL,NULL,'04:47:13','2025-10-26'),(1380,7,'sadmin','Stock In','Received 3 of sample 2',NULL,NULL,'04:47:38','2025-10-26'),(1381,7,'sadmin','Stock Out','Issued 4 of Plastic Frame for Customer Purchased',NULL,NULL,'04:48:00','2025-10-26'),(1382,7,'sadmin','Stock In','Received 3 of Plastic Frame',NULL,NULL,'04:48:15','2025-10-26'),(1383,7,'sadmin','Stock Out','Issued 6 of Eye Solution for Lost',NULL,NULL,'04:48:35','2025-10-26'),(1384,7,'sadmin','Login','User logged in',NULL,NULL,'04:51:44','2025-10-26'),(1385,7,'sadmin','Stock In','Received 3 of Plastic Frame',NULL,NULL,'04:51:58','2025-10-26'),(1386,7,'sadmin','Login','User logged in',NULL,NULL,'11:28:40','2025-10-27'),(1387,7,'sadmin','Place Order','Placed a new order with Order ID: 57 and Total Amount: 700',NULL,NULL,'11:29:19','2025-10-27'),(1388,7,'sadmin','Login','User logged in',NULL,NULL,'12:30:39','2025-10-27'),(1389,7,'sadmin','Login','User logged in',NULL,NULL,'12:34:00','2025-10-27'),(1390,7,'sadmin','Login','User logged in',NULL,NULL,'12:54:39','2025-10-27'),(1391,7,'sadmin','Login','User logged in',NULL,NULL,'13:32:37','2025-10-27'),(1392,7,'sadmin','Place Order','Placed a new order with Order ID: 58 and Total Amount: 400',NULL,NULL,'13:33:07','2025-10-27'),(1393,7,'sadmin','Login','User logged in',NULL,NULL,'13:45:55','2025-10-27'),(1394,7,'sadmin','Login','User logged in',NULL,NULL,'13:52:50','2025-10-27'),(1395,7,'sadmin','Login','User logged in',NULL,NULL,'00:59:02','2025-10-28'),(1396,7,'sadmin','Login','User logged in',NULL,NULL,'01:13:41','2025-10-28');

/*Table structure for table `tbl_checkup` */

DROP TABLE IF EXISTS `tbl_checkup`;

CREATE TABLE `tbl_checkup` (
  `checkupID` int(11) NOT NULL AUTO_INCREMENT,
  `patientID` int(11) NOT NULL,
  `checkupDate` date NOT NULL,
  `remarks` text NOT NULL,
  `doctorID` int(11) NOT NULL,
  `sphereOD` varchar(10) DEFAULT NULL,
  `sphereOS` varchar(10) DEFAULT NULL,
  `cylinderOD` varchar(10) DEFAULT NULL,
  `cylinderOS` varchar(10) DEFAULT NULL,
  `axisOD` varchar(10) DEFAULT NULL,
  `axisOS` varchar(10) DEFAULT NULL,
  `addOD` varchar(10) DEFAULT NULL,
  `addOS` varchar(10) DEFAULT NULL,
  `pdOD` varchar(10) DEFAULT NULL,
  `pdOS` varchar(10) DEFAULT NULL,
  `pdOU` varchar(10) DEFAULT NULL,
  `appointmentDate` date DEFAULT NULL,
  `appointedDoctor` varchar(255) DEFAULT NULL,
  PRIMARY KEY (`checkupID`),
  KEY `patientID` (`patientID`),
  KEY `fk_doctor` (`doctorID`),
  CONSTRAINT `fk_doctor` FOREIGN KEY (`doctorID`) REFERENCES `tbl_doctor` (`doctorID`) ON DELETE CASCADE ON UPDATE CASCADE,
  CONSTRAINT `tbl_checkup_ibfk_1` FOREIGN KEY (`patientID`) REFERENCES `patient_data` (`patientID`) ON DELETE CASCADE
) ENGINE=InnoDB AUTO_INCREMENT=38 DEFAULT CHARSET=utf8mb4 COLLATE=utf8mb4_general_ci;

/*Data for the table `tbl_checkup` */

insert  into `tbl_checkup`(`checkupID`,`patientID`,`checkupDate`,`remarks`,`doctorID`,`sphereOD`,`sphereOS`,`cylinderOD`,`cylinderOS`,`axisOD`,`axisOS`,`addOD`,`addOS`,`pdOD`,`pdOS`,`pdOU`,`appointmentDate`,`appointedDoctor`) values (1,1,'2025-09-04','N/A',2,'20','15','0','0','0','0','0','0',NULL,NULL,NULL,NULL,NULL),(2,1,'2025-10-12','N/A',1,'0','0','0','0','0','0','0','0',NULL,NULL,NULL,NULL,NULL),(3,3,'2025-10-12','N/A',1,'0','0','0','0','0','0','0','0',NULL,NULL,NULL,NULL,NULL),(4,4,'2025-10-12','N/A',1,'0','0','0','0','0','0','0','0',NULL,NULL,NULL,NULL,NULL),(5,6,'2025-10-12','N/A',1,'0','0','0','0','0','0','0','0',NULL,NULL,NULL,NULL,NULL),(6,1,'2025-10-12','N/A',1,'0','0','0','0','0','0','0','0',NULL,NULL,NULL,NULL,NULL),(7,1,'2025-10-12','N/A',2,'0','0','0','0','0','0','0','0',NULL,NULL,NULL,NULL,NULL),(8,3,'2025-10-12','N/A',1,'0','0','0','0','0','0','0','0',NULL,NULL,NULL,NULL,NULL),(9,1,'2025-10-13','N/A',1,'0','0','0','0','0','0','0','0',NULL,NULL,NULL,NULL,NULL),(10,1,'2025-10-13','N/A',2,'0','0','0','0','0','0','0','0',NULL,NULL,NULL,NULL,NULL),(11,1,'2025-10-14','N/A',2,'0','0','0','0','0','0','0','0',NULL,NULL,NULL,NULL,NULL),(12,1,'2025-10-14','N/A',2,'0','0','0','0','0','0','0','0',NULL,NULL,NULL,NULL,NULL),(13,1,'2025-10-14','N/A',1,'0','0','0','0','0','0','0','0',NULL,NULL,NULL,NULL,NULL),(14,2,'2025-10-14','N/A',1,'0','0','0','0','0','0','0','0',NULL,NULL,NULL,NULL,NULL),(15,7,'2025-10-14','N/A',1,'0','0','0','0','0','0','0','0',NULL,NULL,NULL,NULL,NULL),(16,1,'2025-10-14','N/A',1,'0','0','0','0','0','0','0','0',NULL,NULL,NULL,NULL,NULL),(17,3,'2025-10-14','N/A',1,'0','0','0','0','0','0','0','0',NULL,NULL,NULL,NULL,NULL),(18,7,'2025-10-14','N/A',1,'0','0','0','0','0','0','0','0',NULL,NULL,NULL,NULL,NULL),(19,7,'2025-10-14','N/A',1,'0','0','0','0','0','0','0','0',NULL,NULL,NULL,NULL,NULL),(20,7,'2025-10-14','N/A',1,'0','0','0','0','0','0','0','0',NULL,NULL,NULL,NULL,NULL),(21,2,'2025-10-14','N/A',2,'0','0','0','0','0','0','0','0',NULL,NULL,NULL,NULL,NULL),(22,6,'2025-10-14','N/A',1,'0','0','0','0','0','0','0','0',NULL,NULL,NULL,NULL,NULL),(23,5,'2025-10-14','N/A',1,'0','0','0','0','0','0','0','0',NULL,NULL,NULL,NULL,NULL),(24,4,'2025-10-14','N/A',1,'0','0','0','0','0','0','0','0',NULL,NULL,NULL,NULL,NULL),(25,2,'2025-10-14','N/A',2,'0','0','0','0','0','0','0','0',NULL,NULL,NULL,NULL,NULL),(26,8,'2025-10-18','N/A',1,'31','23','01','20','0','0','0','0',NULL,NULL,NULL,NULL,NULL),(27,8,'2025-10-18','N/A',1,'0','0','0','0','0','0','0','0',NULL,NULL,NULL,NULL,NULL),(28,1,'2025-10-18','N/A',1,'0','0','0','0','0','0','0','0',NULL,NULL,NULL,NULL,NULL),(29,4,'2025-10-18','N/A',1,'0','0','0','0','0','0','0','0',NULL,NULL,NULL,NULL,NULL),(30,10,'2025-10-19','N/A',1,'0','0','0','0','0','0','0','0',NULL,NULL,NULL,NULL,NULL),(31,4,'2025-10-21','N/A',4,'0','0','0','0','0','0','0','0',NULL,NULL,NULL,NULL,NULL),(32,2,'2025-10-22','N/A',4,'0','0','0','0','0','0','0','0',NULL,NULL,NULL,NULL,NULL),(33,3,'2025-10-22','N/A',2,'0','0','0','0','0','0','0','0',NULL,NULL,NULL,NULL,NULL),(34,1,'2025-10-22','N/A',1,'0','0','0','0','0','0','0','0',NULL,NULL,NULL,NULL,NULL),(35,1,'2025-10-22','N/A',1,'0','0','0','0','0','0','0','0',NULL,NULL,NULL,NULL,NULL),(36,12,'2025-10-22','N/A',1,'0','0','0','0','0','0','0','0',NULL,NULL,NULL,NULL,NULL),(37,8,'2025-10-23','N/A',1,'0','0','0','0','0','0','0','0',NULL,NULL,NULL,NULL,NULL);

/*Table structure for table `tbl_doctor` */

DROP TABLE IF EXISTS `tbl_doctor`;

CREATE TABLE `tbl_doctor` (
  `doctorID` int(11) NOT NULL AUTO_INCREMENT,
  `fName` varchar(100) NOT NULL,
  `mName` varchar(100) DEFAULT NULL,
  `lName` varchar(100) NOT NULL,
  `contactNumber` varchar(15) NOT NULL,
  `email` varchar(255) NOT NULL,
  `dateAdded` date DEFAULT NULL,
  PRIMARY KEY (`doctorID`),
  UNIQUE KEY `email` (`email`)
) ENGINE=InnoDB AUTO_INCREMENT=6 DEFAULT CHARSET=utf8mb4 COLLATE=utf8mb4_general_ci;

/*Data for the table `tbl_doctor` */

insert  into `tbl_doctor`(`doctorID`,`fName`,`mName`,`lName`,`contactNumber`,`email`,`dateAdded`) values (1,'Juan','N/A','Delacruz','+639981239832','jdelacruz@gmail.com','2025-09-04'),(2,'Maria','N/A','Clara','+639891237832','mariaclara@gmail.com','2025-09-04'),(3,'Michael','N/A','Casicas','+639123753475','michaelcasicas@gmail.com','2025-10-16'),(4,'Erin','N/A','Daquiuag','+639123899217','erindaquiuag@gmail.com','2025-10-18'),(5,'Lj','Bestudio','Espartero','+639123783263','lj@gmail.com','2025-10-19');

/*Table structure for table `tbl_order_deliveries` */

DROP TABLE IF EXISTS `tbl_order_deliveries`;

CREATE TABLE `tbl_order_deliveries` (
  `deliveryID` int(11) NOT NULL AUTO_INCREMENT,
  `orderID` int(11) NOT NULL,
  `itemID` int(11) NOT NULL,
  `productID` int(11) DEFAULT NULL,
  `quantityReceived` int(11) NOT NULL,
  `quantityDefective` int(11) NOT NULL DEFAULT 0,
  `remarks` varchar(255) DEFAULT NULL,
  `deliveryDate` date NOT NULL,
  `receivedBy` varchar(255) DEFAULT NULL,
  `deliveryStatus` varchar(20) DEFAULT 'Delivered',
  `productName` varchar(255) DEFAULT NULL,
  PRIMARY KEY (`deliveryID`),
  KEY `orderID` (`orderID`),
  KEY `itemID` (`itemID`),
  KEY `productID` (`productID`),
  CONSTRAINT `tbl_order_deliveries_ibfk_1` FOREIGN KEY (`orderID`) REFERENCES `tbl_productorders` (`orderID`),
  CONSTRAINT `tbl_order_deliveries_ibfk_2` FOREIGN KEY (`itemID`) REFERENCES `tbl_productorder_items` (`itemID`),
  CONSTRAINT `tbl_order_deliveries_ibfk_3` FOREIGN KEY (`productID`) REFERENCES `tbl_products` (`productID`)
) ENGINE=InnoDB AUTO_INCREMENT=71 DEFAULT CHARSET=utf8mb4 COLLATE=utf8mb4_general_ci;

/*Data for the table `tbl_order_deliveries` */

insert  into `tbl_order_deliveries`(`deliveryID`,`orderID`,`itemID`,`productID`,`quantityReceived`,`quantityDefective`,`remarks`,`deliveryDate`,`receivedBy`,`deliveryStatus`,`productName`) values (1,1,1,NULL,2,0,'N/A','2025-10-16','admin','Delivered','sample 1'),(2,1,1,NULL,0,0,'CANCELLED - 3 items not delivered','2025-10-16','admin','Cancelled','sample 1'),(3,2,2,1,5,0,'N/A','2025-10-16','admin','Delivered','Sample 1'),(4,3,3,1,1,0,'N/A','2025-10-16','admin','Delivered','Sample 1'),(5,3,3,1,1,0,'N/A','2025-10-16','admin','Delivered','Sample 1'),(6,3,3,1,1,0,'N/A','2025-10-16','admin','Delivered','Sample 1'),(7,4,4,NULL,2,0,'N/A','2025-10-16','admin','Delivered','sample 2'),(8,5,5,NULL,3,0,'N/A','2025-10-16','admin','Delivered','sample 2'),(9,5,5,NULL,2,0,'N/A','2025-10-16','admin','Delivered','sample 2'),(10,4,4,NULL,2,0,'N/A','2025-10-16','admin','Delivered','sample 2'),(11,4,4,NULL,1,0,'N/A','2025-10-16','admin','Delivered','sample 2'),(12,28,30,1,2,0,'N/A','2025-10-18','admin','Delivered','sample 1'),(13,28,31,3,4,0,'N/A','2025-10-18','admin','Delivered','sample 2'),(14,29,32,3,6,0,'N/A','2025-10-18','admin','Delivered','sample 2'),(15,30,33,1,3,0,'N/A','2025-10-18','admin','Delivered','sample 1'),(16,30,34,3,4,0,'N/A','2025-10-18','admin','Delivered','sample 2'),(17,31,35,4,25,0,'N/A','2025-10-18','admin','Delivered','sample item 1'),(18,31,35,NULL,0,0,'CANCELLED - 25 items not delivered','2025-10-18','admin','Cancelled','sample item 1'),(19,32,36,1,5,0,'Received','2025-10-18','admin','Delivered','Sample 1'),(20,32,37,3,5,0,'N/A','2025-10-18','admin','Delivered','sample 2'),(21,33,38,4,2,0,'N/A','2025-10-18','admin','Delivered','Sample Item 1'),(22,35,40,2,5,0,'N/A','2025-10-19','admin','Delivered','Sample 2'),(23,34,39,1,5,0,'N/A','2025-10-19','admin','Delivered','Sample 1'),(24,36,41,1,5,5,'N/A','2025-10-19','admin','Delivered','Sample 1'),(25,36,41,1,4,1,'N/A','2025-10-19','admin','Delivered','Sample 1'),(26,36,41,1,1,0,'N/A','2025-10-19','admin','Delivered','Sample 1'),(27,37,42,3,2,0,'N/A','2025-10-19','admin','Delivered','Sample 2'),(28,37,42,3,0,0,'CANCELLED - 3 items not delivered','2025-10-19','admin','Cancelled','Sample 2'),(29,38,43,3,25,0,'N/A','2025-10-19','admin','Delivered','Photochromic Lens'),(30,38,43,3,25,0,'N/A','2025-10-19','admin','Delivered','Photochromic Lens'),(31,39,45,1,10,0,'N/A','2025-10-22','admin','Delivered','Plastic Frame'),(32,40,46,3,25,0,'N/A','2025-10-22','admin','Delivered','Photochromic Lens'),(33,40,46,3,25,0,'N/A','2025-10-22','admin','Delivered','Photochromic Lens'),(34,41,47,1,75,0,'N/A','2025-10-22','admin','Delivered','Plastic Frame'),(35,41,47,1,25,0,'N/A','2025-10-22','admin','Delivered','Plastic Frame'),(36,42,48,2,100,0,'N/A','2025-10-23','admin','Delivered','Eye Solution'),(37,39,44,3,0,0,'CANCELLED - 10 items not delivered','2025-10-23','admin','Cancelled','Photochromic Lens'),(38,43,49,3,5,0,'N/A','2025-10-23','admin','Delivered','Photochromic Lens'),(39,43,49,3,0,0,'CANCELLED - 5 items not delivered','2025-10-23','admin','Cancelled','Photochromic Lens'),(40,44,50,2,5,0,'N/A','2025-10-23','admin','Delivered','Eye Solution'),(41,44,50,2,0,0,'CANCELLED - 5 items not delivered','2025-10-23','admin','Cancelled','Eye Solution'),(42,48,54,1,2,0,'N/A','2025-10-23','admin','Delivered','Plastic Frame'),(43,48,54,1,0,0,'CANCELLED - 3 items not delivered','2025-10-23','admin','Cancelled','Plastic Frame'),(44,49,55,2,2,0,'N/A','2025-10-23','admin','Delivered','Eye Solution'),(45,49,55,2,0,0,'CANCELLED - 3 items not delivered','2025-10-23','admin','Cancelled','Eye Solution'),(46,50,56,4,2,0,'N/A','2025-10-23','admin','Delivered','Reading Glasses'),(47,50,56,4,0,0,'CANCELLED - 3 items not delivered','2025-10-23','admin','Cancelled','Reading Glasses'),(48,52,59,1,5,0,'N/A','2025-10-23','admin','Delivered','Plastic Frame'),(49,52,58,3,2,0,'N/A','2025-10-23','admin','Delivered','Photochromic Lens'),(50,52,58,3,0,0,'CANCELLED - 3 items not delivered','2025-10-23','admin','Cancelled','Photochromic Lens'),(51,12,12,1,2,0,'N/A','2025-10-26','Brian Bestudio','Delivered','Plastic Frame'),(52,25,25,1,1,0,'N/A','2025-10-26','Brian Bestudio','Delivered','Plastic Frame'),(53,7,7,NULL,1,0,'N/A','2025-10-26','Brian Bestudio','Delivered','sample 2'),(54,13,13,1,1,0,'N/A','2025-10-26','Brian Bestudio','Delivered','Plastic Frame'),(55,53,60,5,2,0,'N/A','2025-10-26','Brian Bestudio','Delivered','sample 2'),(56,53,60,5,1,0,'N/A','2025-10-26','Brian Bestudio','Delivered','sample 2'),(57,53,60,5,1,0,'N/A','2025-10-26','Brian Bestudio','Delivered','sample 2'),(58,54,61,3,2,0,'N/A','2025-10-26','Brian Bestudio','Delivered','Photochromic Lens'),(59,54,61,3,0,0,'CANCELLED - 3 items not delivered','2025-10-26','sadmin','Cancelled','Photochromic Lens'),(60,55,62,3,2,0,'N/A','2025-10-26','Brian Bestudio','Delivered','Photochromic Lens'),(61,55,62,3,2,0,'N/A','2025-10-26','Brian Bestudio','Delivered','Photochromic Lens'),(62,56,63,1,2,0,'N/A','2025-10-26','Brian Bestudio','Delivered','Plastic Frame'),(63,56,63,1,1,0,'N/A','2025-10-26','Brian Bestudio','Delivered','Plastic Frame'),(64,55,62,3,1,0,'N/A','2025-10-26','Brian Bestudio','Delivered','Photochromic Lens'),(65,56,63,1,1,0,'N/A','2025-10-26','Brian Bestudio','Delivered','Plastic Frame'),(66,57,64,1,3,0,'N/A','2025-10-27','Brian Bestudio','Delivered','Plastic Frame'),(67,57,65,5,2,0,'N/A','2025-10-27','Brian Bestudio','Delivered','sample 2'),(68,58,67,1,1,0,'N/A','2025-10-27','Brian Bestudio','Delivered','Plastic Frame'),(69,58,66,3,1,0,'N/A','2025-10-27','Brian Bestudio','Delivered','Photochromic Lens'),(70,58,66,3,1,0,'N/A','2025-10-27','Brian Bestudio','Delivered','Photochromic Lens');

/*Table structure for table `tbl_order_transactions` */

DROP TABLE IF EXISTS `tbl_order_transactions`;

CREATE TABLE `tbl_order_transactions` (
  `transID` int(11) NOT NULL AUTO_INCREMENT,
  `orderID` int(11) NOT NULL,
  `status` varchar(30) NOT NULL,
  `remarks` varchar(255) DEFAULT NULL,
  `actionTime` datetime NOT NULL,
  PRIMARY KEY (`transID`),
  KEY `orderID` (`orderID`),
  CONSTRAINT `tbl_order_transactions_ibfk_1` FOREIGN KEY (`orderID`) REFERENCES `tbl_productorders` (`orderID`) ON DELETE CASCADE
) ENGINE=InnoDB AUTO_INCREMENT=117 DEFAULT CHARSET=utf8mb4 COLLATE=utf8mb4_general_ci;

/*Data for the table `tbl_order_transactions` */

insert  into `tbl_order_transactions`(`transID`,`orderID`,`status`,`remarks`,`actionTime`) values (1,1,'Placed Order','Order placed by admin','2025-10-16 02:11:42'),(2,1,'Partial','Updated via Check Products','2025-10-16 02:12:03'),(3,1,'Completed','Order partially completed - remaining items cancelled','2025-10-16 02:12:16'),(4,2,'Placed Order','Order placed by admin','2025-10-16 03:23:23'),(5,2,'Received','Updated via Check Products','2025-10-16 03:23:44'),(6,3,'Placed Order','Order placed by admin','2025-10-16 03:24:28'),(7,3,'Partial','Updated via Check Products','2025-10-16 03:24:49'),(8,3,'Received','Updated via Check Products','2025-10-16 03:25:22'),(9,4,'Placed Order','Order placed by admin','2025-10-16 03:25:47'),(10,5,'Placed Order','Order placed by admin','2025-10-16 03:26:01'),(11,4,'Partial','Updated via Check Products','2025-10-16 03:26:23'),(12,5,'Partial','Updated via Check Products','2025-10-16 03:26:58'),(13,5,'Received','Updated via Check Products','2025-10-16 03:27:11'),(14,4,'Received','Updated via Check Products','2025-10-16 03:27:59'),(15,6,'Placed Order','Order placed by admin','2025-10-16 04:51:05'),(16,7,'Placed Order','Order placed by admin','2025-10-16 04:51:46'),(17,8,'Placed Order','Order placed by admin','2025-10-17 01:26:08'),(18,9,'Placed Order','Order placed by admin','2025-10-17 01:39:36'),(19,10,'Placed Order','Order placed by admin','2025-10-17 01:45:33'),(20,11,'Placed Order','Order placed by admin','2025-10-17 02:14:09'),(21,12,'Placed Order','Order placed by admin','2025-10-17 02:15:14'),(22,13,'Placed Order','Order placed by admin','2025-10-17 02:16:30'),(23,14,'Placed Order','Order placed by admin','2025-10-17 02:17:24'),(24,15,'Placed Order','Order placed by admin','2025-10-17 02:20:35'),(25,16,'Placed Order','Order placed by admin','2025-10-17 02:23:10'),(26,17,'Placed Order','Order placed by admin','2025-10-17 02:25:03'),(27,18,'Placed Order','Order placed by admin','2025-10-17 02:30:51'),(28,19,'Placed Order','Order placed by admin','2025-10-17 02:33:30'),(29,20,'Placed Order','Order placed by admin','2025-10-17 02:34:41'),(30,21,'Placed Order','Order placed by admin','2025-10-17 02:35:39'),(31,22,'Placed Order','Order placed by admin','2025-10-17 02:39:12'),(32,23,'Placed Order','Order placed by admin','2025-10-17 02:43:00'),(33,24,'Placed Order','Order placed by admin','2025-10-17 02:46:39'),(34,25,'Placed Order','Order placed by admin','2025-10-17 03:47:35'),(35,28,'Placed Order','Order placed by admin','2025-10-18 12:43:56'),(36,28,'Received','Updated via Check Products','2025-10-18 12:44:26'),(37,29,'Placed Order','Order placed by admin','2025-10-18 12:45:23'),(38,29,'Received','Updated via Check Products','2025-10-18 12:45:39'),(39,30,'Placed Order','Order placed by admin','2025-10-18 13:06:58'),(40,30,'Partial','Updated via Check Products','2025-10-18 13:07:24'),(41,30,'Received','Updated via Check Products','2025-10-18 13:07:30'),(42,31,'Placed Order','Order placed by admin','2025-10-18 13:42:56'),(43,31,'Partial','Updated via Check Products','2025-10-18 13:44:57'),(44,31,'Completed','Order partially completed - remaining items cancelled','2025-10-18 13:45:30'),(45,32,'Placed Order','Order placed by admin','2025-10-18 15:45:07'),(46,32,'Partial','Updated via Check Products','2025-10-18 15:51:33'),(47,32,'Received','Updated via Check Products','2025-10-18 15:51:40'),(48,33,'Placed Order','Order placed by admin','2025-10-18 19:59:04'),(49,33,'Partial','Updated via Check Products','2025-10-18 19:59:27'),(50,34,'Placed Order','Order placed by admin','2025-10-18 23:49:16'),(51,35,'Placed Order','Order placed by admin','2025-10-18 23:57:03'),(52,35,'Received','Updated via Check Products','2025-10-19 00:04:06'),(53,36,'Placed Order','Order placed by admin','2025-10-19 00:11:10'),(54,36,'Partial','Updated via Check Products','2025-10-19 00:12:12'),(55,36,'Partial','Updated via Check Products','2025-10-19 00:13:04'),(56,36,'Received','Updated via Check Products','2025-10-19 00:15:11'),(57,37,'Placed Order','Order placed by admin','2025-10-19 00:16:27'),(58,37,'Partial','Updated via Check Products','2025-10-19 00:16:48'),(59,37,'Completed','Order partially completed - remaining items cancelled','2025-10-19 00:17:00'),(60,38,'Placed Order','Order placed by admin','2025-10-19 02:38:06'),(61,38,'Partial','Updated via Check Products','2025-10-19 02:39:57'),(62,38,'Received','Updated via Check Products','2025-10-19 02:40:26'),(63,39,'Placed Order','Order placed by admin','2025-10-22 12:25:32'),(64,39,'Partial','Updated via Check Products','2025-10-22 12:27:49'),(65,40,'Placed Order','Order placed by admin','2025-10-22 12:56:08'),(66,40,'Partial','Updated via Check Products','2025-10-22 12:57:00'),(67,40,'Received','Updated via Check Products','2025-10-22 12:57:26'),(68,41,'Placed Order','Order placed by admin','2025-10-22 14:09:14'),(69,41,'Partial','Updated via Check Products','2025-10-22 14:10:24'),(70,41,'Received','Updated via Check Products','2025-10-22 14:11:00'),(71,42,'Placed Order','Order placed by admin','2025-10-23 18:58:37'),(72,42,'Received','Updated via Check Products','2025-10-23 18:59:02'),(73,39,'Completed','Order partially completed - remaining items cancelled','2025-10-23 19:55:07'),(74,43,'Placed Order','Order placed by admin','2025-10-23 19:55:20'),(75,43,'Partial','Updated via Check Products','2025-10-23 19:55:39'),(76,43,'Completed','Order partially completed - remaining items cancelled','2025-10-23 19:55:46'),(77,44,'Placed Order','Order placed by admin','2025-10-23 20:01:21'),(78,44,'Partial','Updated via Check Products','2025-10-23 20:01:43'),(79,44,'Completed','Order partially completed - remaining items cancelled','2025-10-23 20:01:52'),(80,48,'Placed Order','Order placed by admin','2025-10-23 20:19:51'),(81,48,'Partial','Updated via Check Products','2025-10-23 20:28:52'),(82,48,'Completed','Order partially completed - remaining items cancelled','2025-10-23 20:28:57'),(83,49,'Placed Order','Order placed by admin','2025-10-23 20:35:46'),(84,49,'Partial','Updated via Check Products','2025-10-23 20:36:32'),(85,49,'Completed','Order partially completed - remaining items cancelled','2025-10-23 20:36:50'),(86,50,'Placed Order','Order placed by admin','2025-10-23 20:47:55'),(87,50,'Partial','Updated via Check Products','2025-10-23 20:48:40'),(88,50,'Completed','Order partially completed - remaining items cancelled','2025-10-23 20:48:55'),(89,52,'Placed Order','Order placed by admin','2025-10-23 21:21:53'),(90,52,'Partial','Updated via Check Products','2025-10-23 21:22:18'),(91,52,'Partial','Updated via Check Products','2025-10-23 21:22:45'),(92,52,'Completed','Order partially completed - remaining items cancelled','2025-10-23 21:23:41'),(93,12,'Partial','Updated via Check Products','2025-10-26 02:10:01'),(94,25,'Received','Updated via Check Products','2025-10-26 02:49:36'),(95,7,'Received','Updated via Check Products','2025-10-26 02:50:31'),(96,53,'Placed Order','Order placed by Brian Bestudio','2025-10-26 02:51:57'),(97,53,'Partial','Updated via Check Products','2025-10-26 02:52:40'),(98,53,'Partial','Updated via Check Products','2025-10-26 03:36:20'),(99,53,'Received','Updated via Check Products','2025-10-26 03:41:07'),(100,54,'Placed Order','Order placed by Brian Bestudio','2025-10-26 03:42:47'),(101,54,'Partial','Updated via Check Products','2025-10-26 03:43:20'),(102,54,'Completed','Order partially completed - remaining items cancelled','2025-10-26 03:43:36'),(103,55,'Placed Order','Order placed by Brian Bestudio','2025-10-26 03:48:27'),(104,55,'Partial','Updated via Check Products','2025-10-26 03:48:46'),(105,55,'Partial','Updated via Check Products','2025-10-26 03:48:59'),(106,56,'Placed Order','Order placed by Brian Bestudio','2025-10-26 03:49:31'),(107,56,'Partial','Updated via Check Products','2025-10-26 03:49:44'),(108,56,'Partial','Updated via Check Products','2025-10-26 04:06:22'),(109,55,'Received','Updated via Check Products','2025-10-26 04:08:37'),(110,56,'Partial','Updated via Check Products','2025-10-26 04:08:49'),(111,57,'Placed Order','Order placed by Brian Bestudio','2025-10-27 11:29:19'),(112,57,'Partial','Updated via Check Products','2025-10-27 11:29:55'),(113,58,'Placed Order','Order placed by Brian Bestudio','2025-10-27 13:33:07'),(114,58,'Partial','Updated via Check Products','2025-10-27 13:33:39'),(115,58,'Partial','Updated via Check Products','2025-10-27 13:34:02'),(116,58,'Received','Updated via Check Products','2025-10-27 13:34:18');

/*Table structure for table `tbl_payment_history` */

DROP TABLE IF EXISTS `tbl_payment_history`;

CREATE TABLE `tbl_payment_history` (
  `paymentID` int(11) NOT NULL AUTO_INCREMENT,
  `transactionID` int(11) NOT NULL,
  `paymentAmount` decimal(10,2) NOT NULL,
  `paymentDate` date NOT NULL,
  `paymentTime` time NOT NULL,
  `processedBy` varchar(100) DEFAULT NULL,
  `remarks` text DEFAULT NULL,
  PRIMARY KEY (`paymentID`),
  KEY `idx_transaction` (`transactionID`)
) ENGINE=InnoDB AUTO_INCREMENT=19 DEFAULT CHARSET=utf8mb4 COLLATE=utf8mb4_general_ci;

/*Data for the table `tbl_payment_history` */

insert  into `tbl_payment_history`(`paymentID`,`transactionID`,`paymentAmount`,`paymentDate`,`paymentTime`,`processedBy`,`remarks`) values (1,25,'300.00','2025-10-14','00:12:45','admin','Payment settlement'),(2,22,'28.00','2025-10-14','00:24:29','admin','Payment settlement'),(3,22,'72.00','2025-10-14','00:25:57','admin','Payment settlement'),(4,21,'200.00','2025-10-14','00:27:36','admin','Payment settlement'),(5,43,'200.00','2025-10-14','04:48:10','admin','Payment settlement'),(6,42,'100.00','2025-10-14','04:48:30','admin','Payment settlement'),(7,40,'25.00','2025-10-14','04:51:43','admin','Payment settlement'),(8,40,'25.00','2025-10-14','04:51:58','admin','Payment settlement'),(9,48,'250.00','2025-10-18','13:34:55','admin','Payment settlement'),(10,61,'260.00','2025-10-21','02:42:12','admin','Payment settlement'),(11,66,'260.00','2025-10-22','02:53:57','admin','Payment settlement'),(12,38,'200.00','2025-10-23','16:46:17','admin','Payment settlement'),(13,36,'100.00','2025-10-23','16:46:24','admin','Payment settlement'),(14,36,'100.00','2025-10-23','16:46:43','admin','Payment settlement'),(15,21,'100.00','2025-10-23','16:48:03','admin','Payment settlement'),(16,20,'300.00','2025-10-23','16:48:29','admin','Payment settlement'),(17,85,'220.00','2025-10-25','03:14:44','sadmin','Payment settlement'),(18,86,'1085.00','2025-10-25','03:16:02','sadmin','Payment settlement');

/*Table structure for table `tbl_productorder_items` */

DROP TABLE IF EXISTS `tbl_productorder_items`;

CREATE TABLE `tbl_productorder_items` (
  `itemID` int(11) NOT NULL AUTO_INCREMENT,
  `orderID` int(11) DEFAULT NULL,
  `productID` int(11) DEFAULT NULL,
  `quantity` int(11) DEFAULT NULL,
  `quantityReceived` int(11) DEFAULT 0,
  `quantityDefective` int(11) DEFAULT 0,
  `remarks` varchar(255) DEFAULT NULL,
  `productName` varchar(255) DEFAULT NULL,
  `sProductID` int(11) DEFAULT NULL,
  PRIMARY KEY (`itemID`),
  KEY `orderID` (`orderID`),
  KEY `productID` (`productID`),
  KEY `tbl_productorder_items_ibfk_3` (`sProductID`),
  CONSTRAINT `tbl_productorder_items_ibfk_1` FOREIGN KEY (`orderID`) REFERENCES `tbl_productorders` (`orderID`),
  CONSTRAINT `tbl_productorder_items_ibfk_2` FOREIGN KEY (`productID`) REFERENCES `tbl_products` (`productID`),
  CONSTRAINT `tbl_productorder_items_ibfk_3` FOREIGN KEY (`sProductID`) REFERENCES `tbl_productorder_items` (`itemID`)
) ENGINE=InnoDB AUTO_INCREMENT=68 DEFAULT CHARSET=utf8mb4 COLLATE=utf8mb4_general_ci;

/*Data for the table `tbl_productorder_items` */

insert  into `tbl_productorder_items`(`itemID`,`orderID`,`productID`,`quantity`,`quantityReceived`,`quantityDefective`,`remarks`,`productName`,`sProductID`) values (1,1,NULL,5,0,0,NULL,'sample 1',NULL),(2,2,1,5,0,0,NULL,'sample 1',NULL),(3,3,1,3,0,0,NULL,'sample 1',NULL),(4,4,NULL,5,0,0,NULL,'sample 2',NULL),(5,5,NULL,5,0,0,NULL,'sample 2',NULL),(6,6,NULL,5,0,0,NULL,'sample 2',NULL),(7,7,NULL,1,0,0,NULL,'sample 2',NULL),(8,8,1,10,0,0,NULL,'sample 1',NULL),(9,9,1,4,0,0,NULL,'sample 1',NULL),(10,10,1,1,0,0,NULL,'sample 1',NULL),(11,11,1,3,0,0,NULL,'sample 1',NULL),(12,12,1,4,0,0,NULL,'sample 1',NULL),(13,13,1,1,0,0,NULL,'sample 1',NULL),(14,14,1,1,0,0,NULL,'sample 1',NULL),(15,15,1,1,0,0,NULL,'sample 1',NULL),(16,16,2,1,0,0,NULL,'sample 2',NULL),(17,17,1,1,0,0,NULL,'sample 1',NULL),(18,18,1,1,0,0,NULL,'sample 1',NULL),(19,19,1,1,0,0,NULL,'sample 1',NULL),(20,20,1,1,0,0,NULL,'sample 1',NULL),(21,21,1,1,0,0,NULL,'sample 1',NULL),(22,22,2,2,0,0,NULL,'sample 2',NULL),(23,23,1,1,0,0,NULL,'sample 1',NULL),(24,24,1,1,0,0,NULL,'sample 1',NULL),(25,25,1,1,0,0,NULL,'sample 1',NULL),(30,28,NULL,2,0,0,NULL,'sample 1',NULL),(31,28,NULL,4,0,0,NULL,'sample 2',NULL),(32,29,NULL,6,0,0,NULL,'sample 2',NULL),(33,30,NULL,3,0,0,NULL,'sample 1',NULL),(34,30,NULL,4,0,0,NULL,'sample 2',NULL),(35,31,NULL,50,0,0,NULL,'sample item 1',NULL),(36,32,1,5,0,0,NULL,'sample 1',NULL),(37,32,3,5,0,0,NULL,'sample 2',NULL),(38,33,4,4,0,0,NULL,'sample item 1',NULL),(39,34,1,5,0,0,NULL,'sample 1',NULL),(40,35,2,5,0,0,NULL,'sample 2',NULL),(41,36,1,10,0,0,NULL,'sample 1',NULL),(42,37,3,5,0,0,NULL,'sample 2',NULL),(43,38,3,50,0,0,NULL,'Photochromic Lens',NULL),(44,39,3,10,0,0,NULL,'Photochromic Lens',NULL),(45,39,1,10,0,0,NULL,'Plastic Frame',NULL),(46,40,3,50,0,0,NULL,'Photochromic Lens',NULL),(47,41,1,100,0,0,NULL,'Plastic Frame',NULL),(48,42,2,100,0,0,NULL,'Eye Solution',NULL),(49,43,3,10,0,0,NULL,'Photochromic Lens',NULL),(50,44,2,10,0,0,NULL,'Eye Solution',NULL),(54,48,1,5,0,0,NULL,'Plastic Frame',NULL),(55,49,2,5,0,0,NULL,'Eye Solution',NULL),(56,50,4,5,0,0,NULL,'Reading Glasses',NULL),(58,52,3,5,0,0,NULL,'Photochromic Lens',NULL),(59,52,1,5,0,0,NULL,'Plastic Frame',NULL),(60,53,5,4,0,0,NULL,'sample 1',NULL),(61,54,3,5,0,0,NULL,'Photochromic Lens',NULL),(62,55,3,5,0,0,NULL,'Photochromic Lens',NULL),(63,56,1,5,0,0,NULL,'Plastic Frame',NULL),(64,57,1,3,0,0,NULL,'Plastic Frame',NULL),(65,57,5,4,0,0,NULL,'sample 1',NULL),(66,58,3,2,0,0,NULL,'Photochromic Lens',NULL),(67,58,1,1,0,0,NULL,'Plastic Frame',NULL);

/*Table structure for table `tbl_productorders` */

DROP TABLE IF EXISTS `tbl_productorders`;

CREATE TABLE `tbl_productorders` (
  `orderID` int(11) NOT NULL AUTO_INCREMENT,
  `supplierID` int(11) DEFAULT NULL,
  `orderDate` datetime DEFAULT current_timestamp(),
  `totalAmount` decimal(10,2) DEFAULT NULL,
  `status` varchar(100) DEFAULT NULL,
  `orderedBy` varchar(255) DEFAULT NULL,
  PRIMARY KEY (`orderID`),
  KEY `supplierID` (`supplierID`),
  CONSTRAINT `tbl_productorders_ibfk_1` FOREIGN KEY (`supplierID`) REFERENCES `tbl_suppliers` (`supplierID`)
) ENGINE=InnoDB AUTO_INCREMENT=59 DEFAULT CHARSET=utf8mb4 COLLATE=utf8mb4_general_ci;

/*Data for the table `tbl_productorders` */

insert  into `tbl_productorders`(`orderID`,`supplierID`,`orderDate`,`totalAmount`,`status`,`orderedBy`) values (1,1,'2025-10-16 02:11:32','500.00','Completed','admin'),(2,1,'2025-10-16 03:22:19','500.00','Received','admin'),(3,1,'2025-10-16 03:24:18','300.00','Received','admin'),(4,2,'2025-10-16 03:25:38','1000.00','Received','admin'),(5,2,'2025-10-16 03:25:51','1000.00','Received','admin'),(6,1,'2025-10-16 04:50:54','750.00','Placed Order','admin'),(7,1,'2025-10-16 04:51:35','0.00','Received','admin'),(8,1,'2025-10-17 01:22:57','1000.00','Placed Order','admin'),(9,1,'2025-10-17 01:39:25','400.00','Placed Order','admin'),(10,1,'2025-10-17 01:45:26','100.00','Placed Order','admin'),(11,1,'2025-10-17 02:14:01','300.00','Placed Order','admin'),(12,1,'2025-10-17 02:15:08','200.00','Partial','admin'),(13,1,'2025-10-17 02:16:23','100.00','Placed Order','admin'),(14,1,'2025-10-17 02:17:17','100.00','Placed Order','admin'),(15,1,'2025-10-17 02:20:28','100.00','Placed Order','admin'),(16,2,'2025-10-17 02:23:03','200.00','Placed Order','admin'),(17,1,'2025-10-17 02:24:55','100.00','Placed Order','admin'),(18,1,'2025-10-17 02:30:45','100.00','Placed Order','admin'),(19,1,'2025-10-17 02:33:22','100.00','Placed Order','admin'),(20,1,'2025-10-17 02:34:36','100.00','Placed Order','admin'),(21,1,'2025-10-17 02:35:30','100.00','Placed Order','admin'),(22,2,'2025-10-17 02:39:03','400.00','Placed Order','admin'),(23,1,'2025-10-17 02:42:51','100.00','Placed Order','admin'),(24,1,'2025-10-17 02:46:26','100.00','Placed Order','admin'),(25,1,'2025-10-17 03:47:29','100.00','Received','admin'),(28,1,'2025-10-18 12:43:38','800.00','Received','admin'),(29,1,'2025-10-18 12:45:15','900.00','Received','admin'),(30,1,'2025-10-18 13:06:43','900.00','Received','admin'),(31,5,'2025-10-18 13:42:34','10000.00','Completed','admin'),(32,1,'2025-10-18 15:44:54','1250.00','Received','admin'),(33,5,'2025-10-18 19:58:07','800.00','Partial','admin'),(34,1,'2025-10-18 23:48:30','500.00','Placed Order','admin'),(35,2,'2025-10-18 23:55:52','1000.00','Received','admin'),(36,1,'2025-10-19 00:09:28','1000.00','Received','admin'),(37,1,'2025-10-19 00:11:14','750.00','Completed','admin'),(38,1,'2025-10-19 02:37:04','7500.00','Received','admin'),(39,1,'2025-10-22 12:24:50','2500.00','Completed','admin'),(40,1,'2025-10-22 12:55:33','7500.00','Received','admin'),(41,1,'2025-10-22 14:08:38','10000.00','Received','admin'),(42,2,'2025-10-23 18:58:04','20000.00','Received','admin'),(43,1,'2025-10-23 19:54:57','1500.00','Completed','admin'),(44,2,'2025-10-23 20:01:08','2000.00','Completed','admin'),(48,1,'2025-10-23 20:19:43','500.00','Completed','admin'),(49,2,'2025-10-23 20:34:51','1000.00','Completed','admin'),(50,5,'2025-10-23 20:47:46','600.00','Completed','admin'),(52,1,'2025-10-23 21:21:19','800.00','Completed','admin'),(53,1,'2025-10-26 02:50:39','0.00','Received','Brian Bestudio'),(54,1,'2025-10-26 03:42:35','300.00','Completed','Brian Bestudio'),(55,1,'2025-10-26 03:48:20','750.00','Received','Brian Bestudio'),(56,1,'2025-10-26 03:49:17','400.00','Partial','Brian Bestudio'),(57,1,'2025-10-27 11:28:56','500.00','Partial','Brian Bestudio'),(58,1,'2025-10-27 13:32:41','400.00','Received','Brian Bestudio');

/*Table structure for table `tbl_products` */

DROP TABLE IF EXISTS `tbl_products`;

CREATE TABLE `tbl_products` (
  `productID` int(11) NOT NULL AUTO_INCREMENT,
  `productName` varchar(255) NOT NULL,
  `category` varchar(100) NOT NULL,
  `stockQuantity` int(11) DEFAULT 0,
  `unitPrice` decimal(10,2) NOT NULL,
  `discount` double DEFAULT NULL,
  `description` varchar(255) DEFAULT NULL,
  `reorderLevel` int(11) DEFAULT 0,
  `dateAdded` datetime DEFAULT current_timestamp(),
  `supplierID` int(11) DEFAULT NULL,
  `discountAppliedDate` date DEFAULT NULL,
  PRIMARY KEY (`productID`),
  KEY `fk_supplier` (`supplierID`),
  CONSTRAINT `fk_supplier` FOREIGN KEY (`supplierID`) REFERENCES `tbl_suppliers` (`supplierID`)
) ENGINE=InnoDB AUTO_INCREMENT=6 DEFAULT CHARSET=utf8mb4 COLLATE=utf8mb4_general_ci;

/*Data for the table `tbl_products` */

insert  into `tbl_products`(`productID`,`productName`,`category`,`stockQuantity`,`unitPrice`,`discount`,`description`,`reorderLevel`,`dateAdded`,`supplierID`,`discountAppliedDate`) values (1,'Plastic Frame','Frame',131,'550.00',0,'Sample Desc',10,'2025-10-16 00:00:00',1,NULL),(2,'Eye Solution','Contact Lenses & Solution',94,'130.00',0,'Sample Desc 2',10,'2025-10-16 00:00:00',2,NULL),(3,'Photochromic Lens','Lens',109,'240.00',0,'Sample Desc 2',10,'2025-10-18 00:00:00',1,NULL),(4,'Reading Glasses','Accesories',30,'300.00',0.15,'Description 1',10,'2025-10-18 00:00:00',5,'2025-10-23'),(5,'sample 2','N/A',10,'0.00',0,'N/A',0,'2025-10-26 00:00:00',1,NULL);

/*Table structure for table `tbl_stock_in` */

DROP TABLE IF EXISTS `tbl_stock_in`;

CREATE TABLE `tbl_stock_in` (
  `stockInID` int(11) NOT NULL AUTO_INCREMENT,
  `productID` int(11) NOT NULL,
  `productName` varchar(255) NOT NULL,
  `quantityReceived` int(11) NOT NULL,
  `costPerItem` decimal(10,2) NOT NULL,
  `totalCost` decimal(10,2) NOT NULL,
  `dateReceived` datetime NOT NULL,
  `receivedBy` varchar(255) NOT NULL,
  PRIMARY KEY (`stockInID`),
  KEY `productID` (`productID`),
  CONSTRAINT `productID` FOREIGN KEY (`productID`) REFERENCES `tbl_products` (`productID`)
) ENGINE=InnoDB AUTO_INCREMENT=10 DEFAULT CHARSET=utf8mb4 COLLATE=utf8mb4_general_ci;

/*Data for the table `tbl_stock_in` */

insert  into `tbl_stock_in`(`stockInID`,`productID`,`productName`,`quantityReceived`,`costPerItem`,`totalCost`,`dateReceived`,`receivedBy`) values (1,2,'',5,'130.00','650.00','2025-10-23 00:00:00',''),(2,3,'',5,'240.00','1200.00','2025-10-25 00:00:00','Brian'),(3,3,'',5,'240.00','1200.00','2025-10-25 00:00:00','Brian'),(4,4,'',3,'300.00','900.00','2025-10-26 00:00:00','Brian'),(5,1,'',5,'550.00','2750.00','2025-10-26 00:00:00','Brian'),(6,1,'',2,'550.00','1100.00','2025-10-26 00:00:00','Brian Bestudio'),(7,5,'',3,'0.00','0.00','2025-10-26 00:00:00','Brian Bestudio'),(8,1,'',3,'550.00','1650.00','2025-10-26 00:00:00','Brian Bestudio'),(9,1,'',3,'550.00','1650.00','2025-10-26 00:00:00','Brian Bestudio');

/*Table structure for table `tbl_stock_out` */

DROP TABLE IF EXISTS `tbl_stock_out`;

CREATE TABLE `tbl_stock_out` (
  `stockOutID` int(11) NOT NULL AUTO_INCREMENT,
  `productID` int(11) NOT NULL,
  `productName` varchar(255) NOT NULL,
  `quantityIssued` int(11) NOT NULL,
  `Reason` varchar(255) NOT NULL,
  `IssuedBy` varchar(255) NOT NULL,
  `DateIssued` datetime NOT NULL,
  PRIMARY KEY (`stockOutID`),
  KEY `productID` (`productID`),
  CONSTRAINT `tbl_stock_out_ibfk_1` FOREIGN KEY (`productID`) REFERENCES `tbl_products` (`productID`) ON DELETE CASCADE ON UPDATE CASCADE
) ENGINE=InnoDB AUTO_INCREMENT=8 DEFAULT CHARSET=utf8mb4 COLLATE=utf8mb4_general_ci;

/*Data for the table `tbl_stock_out` */

insert  into `tbl_stock_out`(`stockOutID`,`productID`,`productName`,`quantityIssued`,`Reason`,`IssuedBy`,`DateIssued`) values (1,1,'',5,'Defective','Admin','2025-10-23 00:00:00'),(2,2,'',5,'Lost','Admin','2025-10-23 00:00:00'),(3,2,'',2,'color faded','Brian','2025-10-26 00:00:00'),(4,1,'',5,'Lost','','2025-10-26 00:00:00'),(5,1,'',5,'Customer Purchased','Brian Bestudio','2025-10-26 00:00:00'),(6,1,'',4,'Customer Purchased','Brian Bestudio','2025-10-26 00:00:00'),(7,2,'',6,'Lost','Brian Bestudio','2025-10-26 00:00:00');

/*Table structure for table `tbl_supplier_products` */

DROP TABLE IF EXISTS `tbl_supplier_products`;

CREATE TABLE `tbl_supplier_products` (
  `sProductID` int(11) NOT NULL AUTO_INCREMENT,
  `supplierID` int(11) DEFAULT NULL,
  `product_name` varchar(150) NOT NULL,
  `category` varchar(100) DEFAULT NULL,
  `description` text DEFAULT NULL,
  `product_price` decimal(10,2) NOT NULL DEFAULT 0.00,
  `status` enum('Active','Inactive') DEFAULT 'Active',
  PRIMARY KEY (`sProductID`),
  KEY `supplierID` (`supplierID`),
  CONSTRAINT `tbl_supplier_products_ibfk_1` FOREIGN KEY (`supplierID`) REFERENCES `tbl_suppliers` (`supplierID`) ON DELETE SET NULL ON UPDATE CASCADE
) ENGINE=InnoDB AUTO_INCREMENT=6 DEFAULT CHARSET=utf8mb4 COLLATE=utf8mb4_general_ci;

/*Data for the table `tbl_supplier_products` */

insert  into `tbl_supplier_products`(`sProductID`,`supplierID`,`product_name`,`category`,`description`,`product_price`,`status`) values (1,1,'Plastic Frame','Frame','sample desc','100.00','Active'),(2,2,'Eye Solution','Contact Lenses & Solution','sample desc 2','200.00','Active'),(3,1,'Photochromic Lens','Lens','sample desc 2','150.00','Active'),(4,5,'Reading Glasses','Accesories','description 1','200.00','Active'),(5,1,'sample 1','Reading Glasses','sample desc','100.00','Active');

/*Table structure for table `tbl_suppliers` */

DROP TABLE IF EXISTS `tbl_suppliers`;

CREATE TABLE `tbl_suppliers` (
  `supplierID` int(11) NOT NULL AUTO_INCREMENT,
  `supplierName` varchar(255) DEFAULT NULL,
  `contactPerson` varchar(255) DEFAULT NULL,
  `contactNumber` varchar(100) DEFAULT NULL,
  `email` varchar(255) DEFAULT NULL,
  `address` text DEFAULT NULL,
  `dateAdded` datetime DEFAULT current_timestamp(),
  PRIMARY KEY (`supplierID`)
) ENGINE=InnoDB AUTO_INCREMENT=6 DEFAULT CHARSET=utf8mb4 COLLATE=utf8mb4_general_ci;

/*Data for the table `tbl_suppliers` */

insert  into `tbl_suppliers`(`supplierID`,`supplierName`,`contactPerson`,`contactNumber`,`email`,`address`,`dateAdded`) values (1,'Tkr Optics Inc.','Dave Damo','+639237861327','tkroptics@gmail.com','Manila','2025-09-04 00:00:00'),(2,'Eye Vista Ph','Mckoy Ico','+639378465712','eyevistaph@gmail.com','Phase 9 Caloocan','2025-09-04 00:00:00'),(3,'Accelink Technologies','Hagorumo','+639127383274','accelink.t@gmail.com','Hongkong, China','2025-09-04 00:00:00'),(4,'Weq','Qwe','+634564564564','erewer@gmail.com','Sefsdfs','2025-10-14 00:00:00'),(5,'Eo Optical','Brian','+639981238888','eooptical@gmail.com','Manila','2025-10-18 00:00:00');

/*Table structure for table `tbl_transaction_items` */

DROP TABLE IF EXISTS `tbl_transaction_items`;

CREATE TABLE `tbl_transaction_items` (
  `itemID` int(11) NOT NULL AUTO_INCREMENT,
  `transactionID` int(11) NOT NULL,
  `productID` int(11) DEFAULT NULL,
  `productName` varchar(255) DEFAULT NULL,
  `category` varchar(100) DEFAULT NULL,
  `quantity` int(11) DEFAULT 1,
  `unitPrice` decimal(10,2) DEFAULT NULL,
  `priceOD` decimal(10,2) DEFAULT 0.00,
  `priceOS` decimal(10,2) DEFAULT 0.00,
  `odGrade` varchar(50) DEFAULT NULL,
  `osGrade` varchar(50) DEFAULT NULL,
  `totalPrice` decimal(10,2) DEFAULT NULL,
  `isCheckUpItem` tinyint(1) DEFAULT 0,
  `createdAt` date DEFAULT NULL,
  PRIMARY KEY (`itemID`),
  KEY `fk_trans` (`transactionID`),
  KEY `fk_product` (`productID`),
  CONSTRAINT `fk_product` FOREIGN KEY (`productID`) REFERENCES `tbl_products` (`productID`),
  CONSTRAINT `fk_trans` FOREIGN KEY (`transactionID`) REFERENCES `tbl_transactions` (`transactionID`) ON DELETE CASCADE
) ENGINE=InnoDB AUTO_INCREMENT=87 DEFAULT CHARSET=utf8mb4 COLLATE=utf8mb4_general_ci;

/*Data for the table `tbl_transaction_items` */

insert  into `tbl_transaction_items`(`itemID`,`transactionID`,`productID`,`productName`,`category`,`quantity`,`unitPrice`,`priceOD`,`priceOS`,`odGrade`,`osGrade`,`totalPrice`,`isCheckUpItem`,`createdAt`) values (1,2,1,'Classic Metal Frame Readers','Reading Glasses',1,'660.00','0.00','0.00','','','660.00',1,'2025-09-04'),(7,6,3,'Acetate Full-Rim Frame','Frame',1,'1350.00','0.00','0.00','','','1350.00',1,'2025-09-04'),(8,6,5,'Eyeglass Cleaning Kit','Accesories',1,'300.00','0.00','0.00','','','300.00',1,'2025-09-04'),(9,6,1,'Classic Metal Frame Readers','Reading Glasses',1,'660.00','0.00','0.00','','','660.00',1,'2025-09-04'),(12,9,1,'Classic Metal Frame Readers','Reading Glasses',1,'660.00','0.00','0.00','','','660.00',1,'2025-09-04'),(13,10,1,'Classic Metal Frame Readers','Reading Glasses',3,'660.00','500.00','500.00','-3.00','-4.00','1980.00',1,'2025-09-04'),(14,10,2,'Foldable Pocket Readers','Reading Glasses',2,'950.00','500.00','500.00','-3.00','-4.00','1900.00',1,'2025-09-04'),(16,11,2,'Foldable Pocket Readers','Reading Glasses',3,'950.00','0.00','0.00','','','2850.00',1,'2025-10-07'),(17,12,6,'Photochromic Lenses','Lens',1,'330.00','0.00','0.00','','','330.00',1,'2025-10-08'),(20,13,6,'Photochromic Lenses','Lens',1,'330.00','0.00','0.00','','','330.00',1,'2025-10-08'),(21,13,3,'Acetate Full-Rim Frame','Frame',1,'1350.00','0.00','0.00','','','1350.00',1,'2025-10-08'),(23,15,2,'Foldable Pocket Readers','Reading Glasses',1,'760.00','0.00','0.00','','','760.00',1,'2025-10-09'),(24,23,3,'Acetate Full-Rim Frame','Frame',1,'810.00','100.00','200.00','-2.00','+1.00','810.00',1,'2025-10-12'),(25,25,6,'Photochromic Lenses','Lens',1,'330.00','0.00','0.00','','','330.00',1,'2025-10-13'),(26,37,7,'Light Gray Contact Lens','Contact Lenses & Solution',1,'350.00','0.00','0.00','','','350.00',1,'2025-10-14'),(28,46,1,'Sample 1','Frame',1,'550.00','0.00','0.00','','','550.00',1,'2025-10-17'),(32,51,2,'Sample 2','Accesories',2,'10.00','0.00','0.00','','','20.00',1,'2025-10-18'),(33,54,1,'Sample 1','Frame',1,'550.00','0.00','0.00','','','550.00',1,'2025-10-19'),(34,57,1,'Plastic Frame','Frame',1,'550.00','0.00','0.00','','','550.00',1,'2025-10-19'),(35,57,3,'Photochromic Lens','Lens',1,'240.00','0.00','0.00','','','240.00',1,'2025-10-19'),(36,57,2,'Eye Solution','Contact Lenses & Solution',1,'130.00','0.00','0.00','','','130.00',1,'2025-10-19'),(43,59,1,'Plastic Frame','Frame',1,'550.00','0.00','0.00','','','550.00',1,'2025-10-20'),(44,59,3,'Photochromic Lens','Lens',1,'240.00','0.00','0.00','','','240.00',1,'2025-10-20'),(45,60,1,'Plastic Frame','Frame',1,'550.00','0.00','0.00','','','385.00',1,'2025-10-20'),(46,60,3,'Photochromic Lens','Lens',1,'240.00','0.00','0.00','','','168.00',1,'2025-10-20'),(51,61,1,'Plastic Frame','Frame',1,'550.00','0.00','0.00','','','440.00',1,'2025-10-20'),(52,61,3,'Photochromic Lens','Lens',1,'240.00','0.00','0.00','','','120.00',1,'2025-10-20'),(56,63,1,'Plastic Frame','Frame',1,'550.00','0.00','0.00','','','495.00',1,'2025-10-21'),(57,63,3,'Photochromic Lens','Lens',1,'240.00','0.00','0.00','','','120.00',1,'2025-10-21'),(58,68,2,'Eye Solution','Contact Lenses & Solution',1,'130.00','0.00','0.00','','','130.00',1,'2025-10-22'),(61,69,1,'Plastic Frame','Frame',1,'550.00','0.00','0.00','','','550.00',1,'2025-10-22'),(62,69,3,'Photochromic Lens','Lens',1,'240.00','0.00','0.00','','','240.00',1,'2025-10-22'),(63,71,4,'Gucci','Accesories',1,'255.00','0.00','0.00','','','255.00',1,'2025-10-22'),(64,71,3,'Photochromic Lens','Lens',1,'240.00','0.00','0.00','','','240.00',1,'2025-10-22'),(65,71,1,'Plastic Frame','Frame',1,'550.00','0.00','0.00','','','550.00',1,'2025-10-22'),(66,74,1,'Plastic Frame','Frame',1,'550.00','0.00','0.00','','','550.00',1,'2025-10-22'),(68,76,2,'Eye Solution','Contact Lenses & Solution',5,'130.00','0.00','0.00','','','650.00',1,'2025-10-24'),(69,77,3,'Photochromic Lens','Lens',1,'240.00','0.00','0.00','','','240.00',1,'2025-10-24'),(70,78,3,'Photochromic Lens','Lens',1,'240.00','0.00','0.00','','','240.00',1,'2025-10-25'),(71,78,1,'Plastic Frame','Frame',1,'550.00','0.00','0.00','','','550.00',1,'2025-10-25'),(74,79,3,'Photochromic Lens','Lens',1,'240.00','0.00','0.00','','','120.00',1,'2025-10-25'),(75,79,1,'Plastic Frame','Frame',1,'550.00','0.00','0.00','','','275.00',1,'2025-10-25'),(76,80,3,'Photochromic Lens','Lens',1,'240.00','0.00','0.00','','','240.00',1,'2025-10-25'),(77,80,1,'Plastic Frame','Frame',1,'550.00','0.00','0.00','','','550.00',1,'2025-10-25'),(78,81,3,'Photochromic Lens','Lens',1,'240.00','0.00','0.00','','','240.00',1,'2025-10-25'),(79,82,3,'Photochromic Lens','Lens',1,'240.00','0.00','0.00','','','240.00',1,'2025-10-25'),(81,83,3,'Photochromic Lens','Lens',1,'240.00','0.00','0.00','','','120.00',1,'2025-10-25'),(83,84,3,'Photochromic Lens','Lens',1,'240.00','0.00','0.00','','','168.00',1,'2025-10-25'),(84,85,3,'Photochromic Lens','Lens',1,'240.00','0.00','0.00','','','240.00',1,'2025-10-25'),(85,86,3,'Photochromic Lens','Lens',5,'240.00','0.00','0.00','','','1200.00',1,'2025-10-25'),(86,86,1,'Plastic Frame','Frame',1,'550.00','0.00','0.00','','','550.00',1,'2025-10-25');

/*Table structure for table `tbl_transactions` */

DROP TABLE IF EXISTS `tbl_transactions`;

CREATE TABLE `tbl_transactions` (
  `transactionID` int(11) NOT NULL AUTO_INCREMENT,
  `patientID` int(11) NOT NULL,
  `patientName` varchar(255) DEFAULT NULL,
  `totalAmount` decimal(10,2) DEFAULT 0.00,
  `amountPaid` decimal(10,2) DEFAULT 0.00,
  `pendingBalance` decimal(10,2) GENERATED ALWAYS AS (`totalAmount` - `amountPaid`) STORED,
  `paymentType` varchar(50) DEFAULT NULL,
  `transactionDate` date DEFAULT NULL,
  `paymentStatus` varchar(50) DEFAULT NULL,
  `isCheckUp` tinyint(1) DEFAULT 0,
  `discount` decimal(5,2) DEFAULT 0.00,
  `lensDiscount` decimal(5,4) DEFAULT 0.0000,
  `settlementDate` date DEFAULT NULL,
  PRIMARY KEY (`transactionID`),
  KEY `fk_patient` (`patientID`),
  CONSTRAINT `fk_patient` FOREIGN KEY (`patientID`) REFERENCES `patient_data` (`patientID`)
) ENGINE=InnoDB AUTO_INCREMENT=87 DEFAULT CHARSET=utf8mb4 COLLATE=utf8mb4_general_ci;

/*Data for the table `tbl_transactions` */

insert  into `tbl_transactions`(`transactionID`,`patientID`,`patientName`,`totalAmount`,`amountPaid`,`pendingBalance`,`paymentType`,`transactionDate`,`paymentStatus`,`isCheckUp`,`discount`,`lensDiscount`,`settlementDate`) values (1,1,'Joshua Mosrales','300.00','300.00','0.00','Cash','2025-09-04','Paid',1,'0.00','0.0000','2025-09-04'),(2,2,'Angelo Royce  Morales','960.00','960.00','0.00','G-cash','2025-09-04','Paid',1,'0.00','0.0000',NULL),(3,3,'Karla Gutierrez Alaban','300.00','300.00','0.00','G-cash','2025-09-04','Paid',1,'0.00','0.0000','2025-09-04'),(4,4,'Maria Josephine  Delacruz','300.00','300.00','0.00','Cash','2025-09-04','Paid',0,'0.00','0.0000','2025-09-04'),(5,5,'Benedict  Parpan','300.00','300.00','0.00','Cash','2025-09-04','Paid',1,'0.00','0.0000','2025-09-04'),(6,5,'Benedict  Parpan','2610.00','2610.00','0.00','Cash','2025-09-04','Paid',0,'0.00','0.0000','2025-09-04'),(7,4,'Maria Josephine  Delacruz','300.00','300.00','0.00','Cash','2025-09-04','Paid',0,'0.00','0.0000','2025-09-04'),(8,1,'Joshua  Mosrales','300.00','300.00','0.00','G-cash','2025-09-04','Paid',1,'0.00','0.0000','2025-09-04'),(9,1,'Joshua  Mosrales','960.00','960.00','0.00','Cash','2025-09-04','Paid',1,'0.00','0.0000','2025-10-08'),(10,2,'Angelo Royce  Morales','5180.00','5180.00','0.00','G-cash','2025-09-04','Paid',1,'0.00','0.0000','2025-09-04'),(11,6,'Juan Andres  Bonifacio','3150.00','3150.00','0.00','Cash','2025-10-07','Paid',0,'0.00','0.0000','2025-10-08'),(12,6,'Juan Andres  Bonifacio','465.00','465.00','0.00','G-cash','2025-10-08','Paid',1,'0.00','0.0000','2025-10-08'),(13,2,'Angelo Royce  Morales','1272.00','1272.00','0.00','G-cash','2025-10-08','Paid',0,'0.50','0.1000','2025-10-08'),(14,3,'Karla Gutierrez Alaban','300.00','0.00','300.00','Cash','2025-10-09','Pending',1,'0.00','0.0000',NULL),(15,4,'Maria Josephine  Delacruz','1060.00','0.00','1060.00','G-cash','2025-10-09','Pending',1,'0.00','0.0000',NULL),(16,1,'Joshua Mosrales','300.00','300.00','0.00','Cash','2025-10-12','Paid',1,'0.00','0.0000','2025-10-12'),(17,3,'Karla Gutierrez Alaban','300.00','0.00','300.00',NULL,'2025-10-12','Pending',1,'0.00','0.0000',NULL),(18,4,'','300.00','0.00','300.00',NULL,'2025-10-12','Pending',1,'0.00','0.0000',NULL),(19,6,'Juan Andres Bonifacio','300.00','0.00','300.00',NULL,'2025-10-12','Pending',1,'0.00','0.0000',NULL),(20,1,'Joshua Mosrales','300.00','300.00','0.00','G-cash','2025-10-12','Paid',1,'0.00','0.0000','2025-10-23'),(21,1,'Joshua Mosrales','300.00','300.00','0.00','G-cash','2025-10-12','Paid',1,'0.00','0.0000','2025-10-23'),(22,3,'Karla Gutierrez Alaban','300.00','300.00','0.00','G-cash','2025-10-12','Paid',1,'0.00','0.0000','2025-10-14'),(23,1,'Joshua  Mosrales','1005.00','1005.00','0.00','G-cash','2025-10-12','Paid',1,'0.50','0.0000','2025-10-12'),(24,1,'Joshua Mosrales','300.00','300.00','0.00','G-cash','2025-10-13','Paid',1,'0.00','0.0000','2025-10-13'),(25,1,'Joshua Mosrales','630.00','630.00','0.00','G-cash','2025-10-13','Paid',0,'0.00','0.0000','2025-10-14'),(26,1,'Joshua Mosrales','300.00','300.00','0.00','Cash','2025-10-14','Paid',1,'0.00','0.0000','2025-10-14'),(27,1,'Joshua Mosrales','300.00','300.00','0.00','Cash','2025-10-14','Paid',1,'0.00','0.0000','2025-10-14'),(28,1,'Joshua Mosrales','300.00','300.00','0.00','Cash','2025-10-14','Paid',1,'0.00','0.0000','2025-10-14'),(29,2,'Angelo Royce Morales','300.00','0.00','300.00','','2025-10-14','Pending',1,'0.00','0.0000',NULL),(30,7,'Boss Dogs Sarap','300.00','0.00','300.00','G-cash','2025-10-14','Pending',1,'0.00','0.0000',NULL),(31,1,'Joshua Mosrales','300.00','300.00','0.00','Cash','2025-10-14','Paid',1,'0.00','0.0000','2025-10-14'),(32,3,'Karla Gutierrez Alaban','300.00','0.00','300.00','','2025-10-14','Pending',1,'0.00','0.0000',NULL),(33,7,'Boss Dogs Sarap','300.00','0.00','300.00','','2025-10-14','Pending',1,'0.00','0.0000',NULL),(34,6,'Juan Andres  Bonifacio','300.00','200.00','100.00','Cash','2025-10-14','Pending',0,'0.00','0.0000',NULL),(35,5,'Benedict  Parpan','300.00','200.00','100.00','Cash','2025-10-14','Pending',0,'0.00','0.0000',NULL),(36,1,'Joshua  Mosrales','300.00','300.00','0.00','G-cash','2025-10-14','Paid',0,'0.00','0.0000','2025-10-23'),(37,4,'Maria Josephine  Delacruz','650.00','625.00','25.00','Cash','2025-10-14','Pending',1,'0.00','0.0000','2025-10-14'),(38,1,'Joshua  Mosrales','300.00','300.00','0.00','G-cash','2025-10-14','Paid',0,'0.00','0.0000','2025-10-23'),(39,4,'Maria Josephine  Delacruz','300.00','200.00','100.00','Cash','2025-10-14','Pending',0,'0.00','0.0000',NULL),(40,2,'Angelo Royce  Morales','300.00','300.00','0.00','G-cash','2025-10-14','Paid',0,'0.00','0.0000','2025-10-14'),(41,6,'Juan Andres  Bonifacio','300.00','100.00','200.00','Cash','2025-10-14','Pending',0,'0.00','0.0000',NULL),(42,5,'Benedict  Parpan','300.00','200.00','100.00','Cash','2025-10-14','Pending',0,'0.00','0.0000','2025-10-14'),(43,4,'Maria Josephine  Delacruz','300.00','300.00','0.00','G-cash','2025-10-14','Paid',0,'0.00','0.0000','2025-10-14'),(44,2,'Angelo Royce  Morales','300.00','200.00','100.00','Cash','2025-10-14','Pending',1,'0.00','0.0000','2025-10-14'),(45,6,'Juan Andres  Bonifacio','300.00','200.00','100.00','Cash','2025-10-14','Pending',1,'0.00','0.0000','2025-10-14'),(46,1,'Joshua  Mosrales','850.00','850.00','0.00','Cash','2025-10-17','Paid',0,'0.00','0.0000','2025-10-17'),(50,1,'Joshua  Mosrales','300.00','300.00','0.00','G-cash','2025-10-18','Paid',1,'0.00','0.0000','2025-10-18'),(51,2,'Angelo Royce  Morales','320.00','300.00','20.00','Cash','2025-10-18','Pending',0,'0.00','0.0000',NULL),(52,7,'Boss Dogs Sarap','300.00','300.00','0.00','Cash','2025-10-18','Paid',1,'0.00','0.0000','2025-10-18'),(53,4,'Maria Josephine  Delacruz','300.00','300.00','0.00','Cash','2025-10-18','Paid',1,'0.00','0.0000','2025-10-18'),(54,8,'Brian  Bestudio','850.00','300.00','550.00','Cash','2025-10-19','Pending',0,'0.00','0.0000',NULL),(55,8,'Brian  Bestudio','767.50','767.50','0.00','Cash','2025-10-19','Paid',0,'0.00','0.0000','2025-10-19'),(56,10,'Brex  Bestudio','300.00','300.00','0.00','Cash','2025-10-19','Paid',1,'0.00','0.0000','2025-10-19'),(57,10,'Brex  Bestudio','1141.00','1141.00','0.00','Cash','2025-10-19','Paid',0,'0.10','0.0000','2025-10-19'),(58,11,'Brian  Bestudio','600.00','300.00','300.00','G-cash','2025-10-19','Pending',0,'0.00','0.0000',NULL),(59,11,'Brian  Bestudio','987.00','300.00','687.00','Cash','2025-10-20','Pending',0,'0.10','0.2000',NULL),(60,10,'Brex  Bestudio','853.00','853.00','0.00','Cash','2025-10-20','Paid',0,'0.30','0.3000','2025-10-22'),(61,7,'Emman  Pineda','860.00','860.00','0.00','Cash','2025-10-20','Paid',0,'0.20','0.5000','2025-10-21'),(62,6,'Juan Andres  Bonifacio','300.00','300.00','0.00','Cash','2025-10-20','Paid',1,'0.00','0.0000','2025-10-20'),(63,10,'Brex  Bestudio','915.00','915.00','0.00','Cash','2025-10-20','Paid',0,'0.10','0.5000','2025-10-21'),(64,11,'Brian  Bestudio','300.00','300.00','0.00','Cash','2025-10-21','Paid',1,'0.00','0.0000','2025-10-21'),(65,4,'Maria Josephine  Delacruz','300.00','300.00','0.00','Cash','2025-10-21','Paid',1,'0.00','0.0000','2025-10-21'),(66,9,'Joshua  Bestudio','560.00','560.00','0.00','Cash','2025-10-21','Paid',0,'0.00','0.0000','2025-10-22'),(67,1,'Joshua  Mosrales','300.00','300.00','0.00','Cash','2025-10-22','Paid',1,'0.00','0.0000','2025-10-23'),(68,2,'Angelo Royce  Morales','430.00','430.00','0.00','Cash','2025-10-22','Paid',0,'0.00','0.0000','2025-10-22'),(69,3,'Karla Gutierrez Alaban','1090.00','1090.00','0.00','Cash','2025-10-22','Paid',0,'0.00','0.0000','2025-10-22'),(70,1,'Joshua  Mosrales','300.00','300.00','0.00','G-cash','2025-10-22','Paid',1,'0.00','0.0000','2025-10-22'),(71,9,'Joshua  Bestudio','1101.00','1101.00','0.00','Cash','2025-10-22','Paid',0,'0.40','0.0000','2025-10-22'),(72,1,'Joshua  Mosrales','300.00','300.00','0.00','Cash','2025-10-22','Paid',1,'0.00','0.0000','2025-10-22'),(73,12,'Erin  Daquiuag','300.00','300.00','0.00','Cash','2025-10-22','Paid',1,'0.00','0.0000','2025-10-22'),(74,12,'Erin  Daquiuag','740.00','740.00','0.00','Cash','2025-10-22','Paid',0,'0.20','0.0000','2025-10-22'),(75,8,'Brian  Bestudio','300.00','300.00','0.00','Cash','2025-10-23','Paid',1,'0.00','0.0000','2025-10-23'),(76,12,'Erin  Daquiuag','950.00','950.00','0.00','Cash','2025-10-24','Paid',0,'0.00','0.0000','2025-10-24'),(77,12,'Erin  Daquiuag','420.00','200.00','220.00','G-cash','2025-10-24','Pending',0,'0.00','0.0000',NULL),(78,1,'Joshua  Mosrales','695.00','695.00','0.00','Cash','2025-10-25','Paid',0,'0.50','0.0000','2025-10-25'),(79,1,'Joshua  Mosrales','695.00','695.00','0.00','Cash','2025-10-25','Paid',0,'0.50','0.5000','2025-10-25'),(80,1,'Joshua  Mosrales','695.00','695.00','0.00','G-cash','2025-10-25','Paid',0,'0.50','0.0000','2025-10-25'),(81,1,'Joshua  Mosrales','420.00','420.00','0.00','Cash','2025-10-25','Paid',0,'0.00','0.0000','2025-10-25'),(82,1,'Joshua  Mosrales','420.00','420.00','0.00','Cash','2025-10-25','Paid',0,'0.00','0.0000','2025-10-25'),(83,1,'Joshua  Mosrales','420.00','420.00','0.00','Cash','2025-10-25','Paid',0,'0.00','0.5000','2025-10-25'),(84,1,'Joshua  Mosrales','468.00','468.00','0.00','Cash','2025-10-25','Paid',0,'0.00','0.3000','2025-10-25'),(85,1,'Joshua  Mosrales','420.00','420.00','0.00','Cash','2025-10-25','Paid',0,'0.00','0.5000','2025-10-25'),(86,1,'Joshua  Mosrales','1285.00','1285.00','0.00','Cash','2025-10-25','Paid',0,'0.30','0.5000','2025-10-25');

/*Table structure for table `tbl_users` */

DROP TABLE IF EXISTS `tbl_users`;

CREATE TABLE `tbl_users` (
  `UserID` int(11) NOT NULL AUTO_INCREMENT,
  `Username` varchar(50) NOT NULL,
  `Password` varchar(255) NOT NULL,
  `Role` varchar(50) DEFAULT NULL,
  `Fname` varchar(50) DEFAULT NULL,
  `Mname` varchar(50) DEFAULT NULL,
  `Lname` varchar(50) DEFAULT NULL,
  `MobileNum` varchar(20) DEFAULT NULL,
  `Email` varchar(100) DEFAULT NULL,
  `isArchived` tinyint(1) DEFAULT 0,
  PRIMARY KEY (`UserID`)
) ENGINE=InnoDB AUTO_INCREMENT=9 DEFAULT CHARSET=utf8mb4 COLLATE=utf8mb4_general_ci;

/*Data for the table `tbl_users` */

insert  into `tbl_users`(`UserID`,`Username`,`Password`,`Role`,`Fname`,`Mname`,`Lname`,`MobileNum`,`Email`,`isArchived`) values (1,'admin','1234','Administrator','Brian','N/A','Bestudio','+639273846248','brianbestudio@gmail.com',0),(2,'recep','1234','Receptionist','Erin','Irinco','Daquiuag','+639718234763','erind@gmail.com',0),(3,'opto','1234','Doctor','Michael Alvin','N/A','Casicas','+639834653746','michaelcasicas@gmail.com',0),(7,'sadmin','1234','Super Admin','Brian','N/A','Bestudio','+639934853828','bbestudio@gmail.com',0),(8,'qwe','1234','Administrator','Qwe','N/A','Ww','+639565675675','qwe@gmail.com',1);

/*Table structure for table `db_viewannualsales` */

DROP TABLE IF EXISTS `db_viewannualsales`;

/*!50001 DROP VIEW IF EXISTS `db_viewannualsales` */;
/*!50001 DROP TABLE IF EXISTS `db_viewannualsales` */;

/*!50001 CREATE TABLE  `db_viewannualsales`(
 `MonthNumber` int(2) ,
 `MonthName` varchar(9) ,
 `TotalSales` decimal(32,2) ,
 `Year` int(4) 
)*/;

/*Table structure for table `db_viewcheckup` */

DROP TABLE IF EXISTS `db_viewcheckup`;

/*!50001 DROP VIEW IF EXISTS `db_viewcheckup` */;
/*!50001 DROP TABLE IF EXISTS `db_viewcheckup` */;

/*!50001 CREATE TABLE  `db_viewcheckup`(
 `CheckupID` int(11) ,
 `PatientName` varchar(62) ,
 `PatientID` int(5) ,
 `CheckupDoctor` varchar(302) ,
 `AppointedDoctor` varchar(302) ,
 `CheckupDate` date ,
 `AppointmentDate` datetime 
)*/;

/*Table structure for table `db_viewcheckupdetails` */

DROP TABLE IF EXISTS `db_viewcheckupdetails`;

/*!50001 DROP VIEW IF EXISTS `db_viewcheckupdetails` */;
/*!50001 DROP TABLE IF EXISTS `db_viewcheckupdetails` */;

/*!50001 CREATE TABLE  `db_viewcheckupdetails`(
 `CheckupID` int(11) ,
 `PatientName` varchar(62) ,
 `PatientID` int(5) ,
 `DoctorName` varchar(302) ,
 `CheckupDate` date ,
 `sphereOD` varchar(10) ,
 `sphereOS` varchar(10) ,
 `cylinderOD` varchar(10) ,
 `cylinderOS` varchar(10) ,
 `axisOD` varchar(10) ,
 `axisOS` varchar(10) ,
 `addOD` varchar(10) ,
 `addOS` varchar(10) ,
 `remarks` text 
)*/;

/*Table structure for table `db_viewcriticalstocks` */

DROP TABLE IF EXISTS `db_viewcriticalstocks`;

/*!50001 DROP VIEW IF EXISTS `db_viewcriticalstocks` */;
/*!50001 DROP TABLE IF EXISTS `db_viewcriticalstocks` */;

/*!50001 CREATE TABLE  `db_viewcriticalstocks`(
 `ProductID` int(11) ,
 `ProductName` varchar(255) ,
 `Category` varchar(100) ,
 `StockQuantity` int(11) ,
 `ReorderLevel` int(11) ,
 `UnitPrice` decimal(10,2) 
)*/;

/*Table structure for table `db_viewdoctors` */

DROP TABLE IF EXISTS `db_viewdoctors`;

/*!50001 DROP VIEW IF EXISTS `db_viewdoctors` */;
/*!50001 DROP TABLE IF EXISTS `db_viewdoctors` */;

/*!50001 CREATE TABLE  `db_viewdoctors`(
 `doctorID` int(11) ,
 `fullname` varchar(302) ,
 `contactNumber` varchar(15) ,
 `email` varchar(255) ,
 `dateAdded` date 
)*/;

/*Table structure for table `db_viewinventory` */

DROP TABLE IF EXISTS `db_viewinventory`;

/*!50001 DROP VIEW IF EXISTS `db_viewinventory` */;
/*!50001 DROP TABLE IF EXISTS `db_viewinventory` */;

/*!50001 CREATE TABLE  `db_viewinventory`(
 `productID` int(11) ,
 `productName` varchar(255) ,
 `category` varchar(100) ,
 `stockQuantity` int(11) ,
 `unitPrice` decimal(10,2) ,
 `description` varchar(255) ,
 `reorderLevel` int(11) ,
 `dateAdded` datetime ,
 `supplierName` varchar(255) 
)*/;

/*Table structure for table `db_vieworderproducts` */

DROP TABLE IF EXISTS `db_vieworderproducts`;

/*!50001 DROP VIEW IF EXISTS `db_vieworderproducts` */;
/*!50001 DROP TABLE IF EXISTS `db_vieworderproducts` */;

/*!50001 CREATE TABLE  `db_vieworderproducts`(
 `orderID` int(11) ,
 `supplierName` varchar(255) ,
 `orderDate` datetime ,
 `totalAmount` decimal(10,2) ,
 `status` varchar(100) ,
 `orderedBy` varchar(255) 
)*/;

/*Table structure for table `db_viewpatient` */

DROP TABLE IF EXISTS `db_viewpatient`;

/*!50001 DROP VIEW IF EXISTS `db_viewpatient` */;
/*!50001 DROP TABLE IF EXISTS `db_viewpatient` */;

/*!50001 CREATE TABLE  `db_viewpatient`(
 `patientID` int(5) ,
 `fullname` varchar(62) ,
 `age` smallint(3) ,
 `gender` varchar(6) ,
 `bday` date ,
 `address` varchar(154) ,
 `mobilenum` varchar(13) ,
 `date` date 
)*/;

/*Table structure for table `db_viewsalesreport` */

DROP TABLE IF EXISTS `db_viewsalesreport`;

/*!50001 DROP VIEW IF EXISTS `db_viewsalesreport` */;
/*!50001 DROP TABLE IF EXISTS `db_viewsalesreport` */;

/*!50001 CREATE TABLE  `db_viewsalesreport`(
 `productID` int(11) ,
 `productName` varchar(255) ,
 `category` varchar(100) ,
 `unitPrice` decimal(10,2) ,
 `TransactionDate` date ,
 `QuantitySold` decimal(32,0) ,
 `TotalSales` decimal(42,2) 
)*/;

/*Table structure for table `db_viewstock` */

DROP TABLE IF EXISTS `db_viewstock`;

/*!50001 DROP VIEW IF EXISTS `db_viewstock` */;
/*!50001 DROP TABLE IF EXISTS `db_viewstock` */;

/*!50001 CREATE TABLE  `db_viewstock`(
 `stockInID` int(11) ,
 `productName` varchar(255) ,
 `quantityReceived` int(11) ,
 `costPerItem` decimal(10,2) ,
 `totalCost` decimal(10,2) ,
 `dateReceived` datetime ,
 `receivedBy` varchar(255) 
)*/;

/*Table structure for table `db_viewstockout` */

DROP TABLE IF EXISTS `db_viewstockout`;

/*!50001 DROP VIEW IF EXISTS `db_viewstockout` */;
/*!50001 DROP TABLE IF EXISTS `db_viewstockout` */;

/*!50001 CREATE TABLE  `db_viewstockout`(
 `stockOutID` int(11) ,
 `productName` varchar(255) ,
 `quantityIssued` int(11) ,
 `Reason` varchar(255) ,
 `IssuedBy` varchar(255) ,
 `DateIssued` datetime 
)*/;

/*Table structure for table `db_viewtransactiondata` */

DROP TABLE IF EXISTS `db_viewtransactiondata`;

/*!50001 DROP VIEW IF EXISTS `db_viewtransactiondata` */;
/*!50001 DROP TABLE IF EXISTS `db_viewtransactiondata` */;

/*!50001 CREATE TABLE  `db_viewtransactiondata`(
 `transactionID` int(11) ,
 `patientID` int(11) ,
 `patientName` varchar(62) ,
 `totalPayment` decimal(10,2) ,
 `amountPaid` decimal(10,2) ,
 `typeOfPayment` varchar(50) ,
 `date` date ,
 `pendingBalance` decimal(10,2) ,
 `paymentStatus` varchar(50) 
)*/;

/*Table structure for table `db_viewuser` */

DROP TABLE IF EXISTS `db_viewuser`;

/*!50001 DROP VIEW IF EXISTS `db_viewuser` */;
/*!50001 DROP TABLE IF EXISTS `db_viewuser` */;

/*!50001 CREATE TABLE  `db_viewuser`(
 `UserID` int(11) ,
 `Username` varchar(50) ,
 `fullname` varchar(152) ,
 `Role` varchar(50) ,
 `MobileNum` varchar(20) ,
 `Email` varchar(100) ,
 `isArchived` tinyint(1) 
)*/;

/*Table structure for table `view_printorderproducts` */

DROP TABLE IF EXISTS `view_printorderproducts`;

/*!50001 DROP VIEW IF EXISTS `view_printorderproducts` */;
/*!50001 DROP TABLE IF EXISTS `view_printorderproducts` */;

/*!50001 CREATE TABLE  `view_printorderproducts`(
 `orderID` int(11) ,
 `orderDate` datetime ,
 `totalAmount` decimal(10,2) ,
 `orderedBy` varchar(255) ,
 `supplierName` varchar(255) ,
 `itemID` int(11) ,
 `productID` int(11) ,
 `sProductID` int(11) ,
 `productName` varchar(255) ,
 `category` varchar(100) ,
 `quantity` int(11) ,
 `product_price` decimal(10,2) ,
 `subtotal` decimal(20,2) 
)*/;

/*Table structure for table `view_product_sales` */

DROP TABLE IF EXISTS `view_product_sales`;

/*!50001 DROP VIEW IF EXISTS `view_product_sales` */;
/*!50001 DROP TABLE IF EXISTS `view_product_sales` */;

/*!50001 CREATE TABLE  `view_product_sales`(
 `productID` int(11) ,
 `productName` varchar(255) ,
 `totalQuantitySold` decimal(32,0) ,
 `totalSalesAmount` decimal(32,2) ,
 `transactionDate` date 
)*/;

/*View structure for view db_viewannualsales */

/*!50001 DROP TABLE IF EXISTS `db_viewannualsales` */;
/*!50001 DROP VIEW IF EXISTS `db_viewannualsales` */;

/*!50001 CREATE ALGORITHM=UNDEFINED DEFINER=`root`@`localhost` SQL SECURITY DEFINER VIEW `db_viewannualsales` AS select `m`.`MonthNumber` AS `MonthNumber`,`m`.`MonthName` AS `MonthName`,coalesce(sum(`t`.`totalAmount`),0) AS `TotalSales`,year(curdate()) AS `Year` from ((select 1 AS `MonthNumber`,'January' AS `MonthName` union all select 2 AS `2`,'February' AS `February` union all select 3 AS `3`,'March' AS `March` union all select 4 AS `4`,'April' AS `April` union all select 5 AS `5`,'May' AS `May` union all select 6 AS `6`,'June' AS `June` union all select 7 AS `7`,'July' AS `July` union all select 8 AS `8`,'August' AS `August` union all select 9 AS `9`,'September' AS `September` union all select 10 AS `10`,'October' AS `October` union all select 11 AS `11`,'November' AS `November` union all select 12 AS `12`,'December' AS `December`) `m` left join `tbl_transactions` `t` on(month(`t`.`transactionDate`) = `m`.`MonthNumber` and year(`t`.`transactionDate`) = year(curdate()) and `t`.`paymentStatus` = 'Paid')) group by `m`.`MonthNumber`,`m`.`MonthName` order by `m`.`MonthNumber` */;

/*View structure for view db_viewcheckup */

/*!50001 DROP TABLE IF EXISTS `db_viewcheckup` */;
/*!50001 DROP VIEW IF EXISTS `db_viewcheckup` */;

/*!50001 CREATE ALGORITHM=UNDEFINED DEFINER=`root`@`localhost` SQL SECURITY DEFINER VIEW `db_viewcheckup` AS select `c`.`checkupID` AS `CheckupID`,`p`.`fullname` AS `PatientName`,`p`.`patientID` AS `PatientID`,`cd`.`fullname` AS `CheckupDoctor`,`ad`.`fullname` AS `AppointedDoctor`,`c`.`checkupDate` AS `CheckupDate`,`a`.`appointmentDate` AS `AppointmentDate` from ((((`tbl_checkup` `c` join `db_viewpatient` `p` on(`c`.`patientID` = `p`.`patientID`)) left join `tbl_appointments` `a` on(`c`.`checkupID` = `a`.`checkupID`)) left join `db_viewdoctors` `cd` on(`c`.`doctorID` = `cd`.`doctorID`)) left join `db_viewdoctors` `ad` on(`a`.`doctorID` = `ad`.`doctorID`)) */;

/*View structure for view db_viewcheckupdetails */

/*!50001 DROP TABLE IF EXISTS `db_viewcheckupdetails` */;
/*!50001 DROP VIEW IF EXISTS `db_viewcheckupdetails` */;

/*!50001 CREATE ALGORITHM=UNDEFINED DEFINER=`root`@`localhost` SQL SECURITY DEFINER VIEW `db_viewcheckupdetails` AS select `c`.`checkupID` AS `CheckupID`,`p`.`fullname` AS `PatientName`,`p`.`patientID` AS `PatientID`,`d`.`fullname` AS `DoctorName`,`c`.`checkupDate` AS `CheckupDate`,`c`.`sphereOD` AS `sphereOD`,`c`.`sphereOS` AS `sphereOS`,`c`.`cylinderOD` AS `cylinderOD`,`c`.`cylinderOS` AS `cylinderOS`,`c`.`axisOD` AS `axisOD`,`c`.`axisOS` AS `axisOS`,`c`.`addOD` AS `addOD`,`c`.`addOS` AS `addOS`,`c`.`remarks` AS `remarks` from ((`tbl_checkup` `c` join `db_viewpatient` `p` on(`c`.`patientID` = `p`.`patientID`)) join `db_viewdoctors` `d` on(`c`.`doctorID` = `d`.`doctorID`)) */;

/*View structure for view db_viewcriticalstocks */

/*!50001 DROP TABLE IF EXISTS `db_viewcriticalstocks` */;
/*!50001 DROP VIEW IF EXISTS `db_viewcriticalstocks` */;

/*!50001 CREATE ALGORITHM=UNDEFINED DEFINER=`root`@`localhost` SQL SECURITY DEFINER VIEW `db_viewcriticalstocks` AS select `p`.`productID` AS `ProductID`,`p`.`productName` AS `ProductName`,`p`.`category` AS `Category`,`p`.`stockQuantity` AS `StockQuantity`,`p`.`reorderLevel` AS `ReorderLevel`,`p`.`unitPrice` AS `UnitPrice` from `tbl_products` `p` where `p`.`stockQuantity` <= `p`.`reorderLevel` order by `p`.`productName` */;

/*View structure for view db_viewdoctors */

/*!50001 DROP TABLE IF EXISTS `db_viewdoctors` */;
/*!50001 DROP VIEW IF EXISTS `db_viewdoctors` */;

/*!50001 CREATE ALGORITHM=UNDEFINED DEFINER=`root`@`localhost` SQL SECURITY DEFINER VIEW `db_viewdoctors` AS select `tbl_doctor`.`doctorID` AS `doctorID`,concat(`tbl_doctor`.`fName`,' ',case when `tbl_doctor`.`mName` = 'N/A' then '' else concat(`tbl_doctor`.`mName`,' ') end,`tbl_doctor`.`lName`) AS `fullname`,`tbl_doctor`.`contactNumber` AS `contactNumber`,`tbl_doctor`.`email` AS `email`,`tbl_doctor`.`dateAdded` AS `dateAdded` from `tbl_doctor` */;

/*View structure for view db_viewinventory */

/*!50001 DROP TABLE IF EXISTS `db_viewinventory` */;
/*!50001 DROP VIEW IF EXISTS `db_viewinventory` */;

/*!50001 CREATE ALGORITHM=UNDEFINED DEFINER=`root`@`localhost` SQL SECURITY DEFINER VIEW `db_viewinventory` AS select `p`.`productID` AS `productID`,`p`.`productName` AS `productName`,`p`.`category` AS `category`,`p`.`stockQuantity` AS `stockQuantity`,`p`.`unitPrice` AS `unitPrice`,`p`.`description` AS `description`,`p`.`reorderLevel` AS `reorderLevel`,`p`.`dateAdded` AS `dateAdded`,`s`.`supplierName` AS `supplierName` from (`tbl_products` `p` left join `tbl_suppliers` `s` on(`p`.`supplierID` = `s`.`supplierID`)) */;

/*View structure for view db_vieworderproducts */

/*!50001 DROP TABLE IF EXISTS `db_vieworderproducts` */;
/*!50001 DROP VIEW IF EXISTS `db_vieworderproducts` */;

/*!50001 CREATE ALGORITHM=UNDEFINED DEFINER=`root`@`localhost` SQL SECURITY DEFINER VIEW `db_vieworderproducts` AS select `o`.`orderID` AS `orderID`,`s`.`supplierName` AS `supplierName`,`o`.`orderDate` AS `orderDate`,`o`.`totalAmount` AS `totalAmount`,`o`.`status` AS `status`,`o`.`orderedBy` AS `orderedBy` from (`tbl_productorders` `o` join `tbl_suppliers` `s` on(`o`.`supplierID` = `s`.`supplierID`)) order by `o`.`orderDate` desc */;

/*View structure for view db_viewpatient */

/*!50001 DROP TABLE IF EXISTS `db_viewpatient` */;
/*!50001 DROP VIEW IF EXISTS `db_viewpatient` */;

/*!50001 CREATE ALGORITHM=UNDEFINED DEFINER=`root`@`localhost` SQL SECURITY DEFINER VIEW `db_viewpatient` AS select `patient_data`.`patientID` AS `patientID`,concat(`patient_data`.`fname`,' ',case when `patient_data`.`mname` = 'N/A' then '' else concat(`patient_data`.`mname`,' ') end,`patient_data`.`lname`) AS `fullname`,`patient_data`.`age` AS `age`,`patient_data`.`gender` AS `gender`,`patient_data`.`bday` AS `bday`,concat(`patient_data`.`province`,', ',`patient_data`.`city`,', ',`patient_data`.`brgy`) AS `address`,`patient_data`.`mobilenum` AS `mobilenum`,`patient_data`.`date` AS `date` from `patient_data` */;

/*View structure for view db_viewsalesreport */

/*!50001 DROP TABLE IF EXISTS `db_viewsalesreport` */;
/*!50001 DROP VIEW IF EXISTS `db_viewsalesreport` */;

/*!50001 CREATE ALGORITHM=UNDEFINED DEFINER=`root`@`localhost` SQL SECURITY DEFINER VIEW `db_viewsalesreport` AS select `p`.`productID` AS `productID`,`p`.`productName` AS `productName`,`p`.`category` AS `category`,`p`.`unitPrice` AS `unitPrice`,cast(`ti`.`createdAt` as date) AS `TransactionDate`,ifnull(sum(`ti`.`quantity`),0) AS `QuantitySold`,ifnull(sum(`ti`.`quantity` * `ti`.`unitPrice`),0) AS `TotalSales` from ((`tbl_products` `p` join `tbl_transaction_items` `ti` on(`p`.`productID` = `ti`.`productID`)) join `tbl_transactions` `t` on(`ti`.`transactionID` = `t`.`transactionID`)) where `ti`.`createdAt` is not null group by `p`.`productID`,`p`.`productName`,`p`.`category`,`p`.`unitPrice`,cast(`ti`.`createdAt` as date) order by cast(`ti`.`createdAt` as date) desc */;

/*View structure for view db_viewstock */

/*!50001 DROP TABLE IF EXISTS `db_viewstock` */;
/*!50001 DROP VIEW IF EXISTS `db_viewstock` */;

/*!50001 CREATE ALGORITHM=UNDEFINED DEFINER=`root`@`localhost` SQL SECURITY DEFINER VIEW `db_viewstock` AS select `tbl_stock_in`.`stockInID` AS `stockInID`,`tbl_products`.`productName` AS `productName`,`tbl_stock_in`.`quantityReceived` AS `quantityReceived`,`tbl_stock_in`.`costPerItem` AS `costPerItem`,`tbl_stock_in`.`totalCost` AS `totalCost`,`tbl_stock_in`.`dateReceived` AS `dateReceived`,`tbl_stock_in`.`receivedBy` AS `receivedBy` from (`tbl_stock_in` join `tbl_products` on(`tbl_stock_in`.`productID` = `tbl_products`.`productID`)) */;

/*View structure for view db_viewstockout */

/*!50001 DROP TABLE IF EXISTS `db_viewstockout` */;
/*!50001 DROP VIEW IF EXISTS `db_viewstockout` */;

/*!50001 CREATE ALGORITHM=UNDEFINED DEFINER=`root`@`localhost` SQL SECURITY DEFINER VIEW `db_viewstockout` AS select `tbl_stock_out`.`stockOutID` AS `stockOutID`,`tbl_products`.`productName` AS `productName`,`tbl_stock_out`.`quantityIssued` AS `quantityIssued`,`tbl_stock_out`.`Reason` AS `Reason`,`tbl_stock_out`.`IssuedBy` AS `IssuedBy`,`tbl_stock_out`.`DateIssued` AS `DateIssued` from (`tbl_stock_out` join `tbl_products` on(`tbl_stock_out`.`productID` = `tbl_products`.`productID`)) */;

/*View structure for view db_viewtransactiondata */

/*!50001 DROP TABLE IF EXISTS `db_viewtransactiondata` */;
/*!50001 DROP VIEW IF EXISTS `db_viewtransactiondata` */;

/*!50001 CREATE ALGORITHM=UNDEFINED DEFINER=`root`@`localhost` SQL SECURITY DEFINER VIEW `db_viewtransactiondata` AS select `t`.`transactionID` AS `transactionID`,`t`.`patientID` AS `patientID`,concat(case when `p`.`fname` = 'N/A' then '' else `p`.`fname` end,' ',case when `p`.`mname` = 'N/A' then '' else `p`.`mname` end,' ',case when `p`.`lname` = 'N/A' then '' else `p`.`lname` end) AS `patientName`,`t`.`totalAmount` AS `totalPayment`,`t`.`amountPaid` AS `amountPaid`,case when `t`.`paymentType` = 'N/A' then '' else `t`.`paymentType` end AS `typeOfPayment`,`t`.`transactionDate` AS `date`,`t`.`pendingBalance` AS `pendingBalance`,`t`.`paymentStatus` AS `paymentStatus` from (`tbl_transactions` `t` join `patient_data` `p` on(`t`.`patientID` = `p`.`patientID`)) */;

/*View structure for view db_viewuser */

/*!50001 DROP TABLE IF EXISTS `db_viewuser` */;
/*!50001 DROP VIEW IF EXISTS `db_viewuser` */;

/*!50001 CREATE ALGORITHM=UNDEFINED DEFINER=`root`@`localhost` SQL SECURITY DEFINER VIEW `db_viewuser` AS select `tbl_users`.`UserID` AS `UserID`,`tbl_users`.`Username` AS `Username`,concat(`tbl_users`.`Fname`,' ',case when `tbl_users`.`Mname` = 'N/A' then '' else concat(`tbl_users`.`Mname`,' ') end,`tbl_users`.`Lname`) AS `fullname`,`tbl_users`.`Role` AS `Role`,`tbl_users`.`MobileNum` AS `MobileNum`,`tbl_users`.`Email` AS `Email`,`tbl_users`.`isArchived` AS `isArchived` from `tbl_users` */;

/*View structure for view view_printorderproducts */

/*!50001 DROP TABLE IF EXISTS `view_printorderproducts` */;
/*!50001 DROP VIEW IF EXISTS `view_printorderproducts` */;

/*!50001 CREATE ALGORITHM=UNDEFINED DEFINER=`root`@`localhost` SQL SECURITY DEFINER VIEW `view_printorderproducts` AS select `po`.`orderID` AS `orderID`,`po`.`orderDate` AS `orderDate`,`po`.`totalAmount` AS `totalAmount`,`po`.`orderedBy` AS `orderedBy`,`s`.`supplierName` AS `supplierName`,`poi`.`itemID` AS `itemID`,`poi`.`productID` AS `productID`,`sp`.`sProductID` AS `sProductID`,coalesce(`poi`.`productName`,`sp`.`product_name`) AS `productName`,coalesce(`sp`.`category`,'N/A') AS `category`,`poi`.`quantity` AS `quantity`,coalesce(`sp`.`product_price`,0) AS `product_price`,`poi`.`quantity` * coalesce(`sp`.`product_price`,0) AS `subtotal` from (((`tbl_productorders` `po` left join `tbl_suppliers` `s` on(`po`.`supplierID` = `s`.`supplierID`)) left join `tbl_productorder_items` `poi` on(`po`.`orderID` = `poi`.`orderID`)) left join `tbl_supplier_products` `sp` on(`poi`.`productName` = `sp`.`product_name` and `po`.`supplierID` = `sp`.`supplierID`)) order by `po`.`orderID` desc */;

/*View structure for view view_product_sales */

/*!50001 DROP TABLE IF EXISTS `view_product_sales` */;
/*!50001 DROP VIEW IF EXISTS `view_product_sales` */;

/*!50001 CREATE ALGORITHM=UNDEFINED DEFINER=`root`@`localhost` SQL SECURITY DEFINER VIEW `view_product_sales` AS select `ti`.`productID` AS `productID`,`ti`.`productName` AS `productName`,sum(`ti`.`quantity`) AS `totalQuantitySold`,sum(`ti`.`totalPrice`) AS `totalSalesAmount`,`t`.`transactionDate` AS `transactionDate` from (`tbl_transaction_items` `ti` join `tbl_transactions` `t` on(`ti`.`transactionID` = `t`.`transactionID`)) group by `ti`.`productID`,`ti`.`productName`,`t`.`transactionDate` order by `t`.`transactionDate` desc */;

/*!40101 SET SQL_MODE=@OLD_SQL_MODE */;
/*!40014 SET FOREIGN_KEY_CHECKS=@OLD_FOREIGN_KEY_CHECKS */;
/*!40014 SET UNIQUE_CHECKS=@OLD_UNIQUE_CHECKS */;
/*!40111 SET SQL_NOTES=@OLD_SQL_NOTES */;
